movie,Nosey,Bossy,Easygoing,Rebellious,Humble,Conscientious
ID116vid6,53.52941176,55.17647059,52.58823529,60.76470588,49.05555556,57.33333333
ID116vid6,52.94117647,54.82352941,52.58823529,60.05882353,49.05555556,57.46666667
ID116vid6,51.11764706,55.29411765,53.70588235,59.94117647,48.94444444,56.46666667
ID116vid6,50.41176471,54.17647059,53.35294118,56.94117647,48.94444444,51.26666667
ID116vid6,46.76470588,52.88235294,54.05882353,55.70588235,49.16666667,51.26666667
ID116vid6,46.76470588,54.11764706,54.76470588,55.94117647,48.61111111,58.06666667
ID116vid6,46.17647059,52.29411765,55.82352941,56.17647059,48.05555556,58.73333333
ID116vid6,46.64705882,53.64705882,55.82352941,57.47058824,47.16666667,59.13333333
ID116vid6,46.05882353,51.47058824,59,56.76470588,47.05555556,58.73333333
ID116vid6,45.82352941,51.47058824,59.47058824,56.88235294,46.72222222,57.53333333
ID116vid6,45.11764706,51,59.58823529,56.05882353,46.16666667,56.86666667
ID116vid6,44.52941176,51.47058824,59.88235294,55.70588235,46.27777778,56.6
ID116vid6,44.17647059,51.35294118,59.76470588,54.88235294,46.72222222,55.4
ID116vid6,44.29411765,54.17647059,59.88235294,55,46.5,55.13333333
ID116vid6,45,52.82352941,60.23529412,54.64705882,46.38888889,55
ID116vid6,45.23529412,52.58823529,60.94117647,54.05882353,46.16666667,54.46666667
ID116vid6,44.41176471,51.88235294,61.17647059,53.35294118,46.27777778,54.33333333
ID116vid6,44.05882353,51.64705882,61.05882353,52.52941176,46.27777778,54.46666667
ID116vid6,44.17647059,50.94117647,61.05882353,52.82352941,46.05555556,54.06666667
ID116vid6,43.76470588,50.58823529,60,52.23529412,46.16666667,54.46666667
ID116vid6,43.52941176,50.23529412,59.76470588,51.64705882,46.61111111,55.13333333
ID116vid6,43.64705882,50.23529412,59.52941176,50.35294118,47.05555556,55.4
ID116vid6,44.35294118,49.17647059,59.41176471,48.58823529,47.83333333,56.2
ID116vid6,46.17647059,48.35294118,59.29411765,46.17647059,47.72222222,56.33333333
ID116vid6,46.52941176,47.41176471,59.05882353,44.64705882,47.83333333,54.66666667
ID116vid6,45.47058824,47.41176471,59.23529412,44.41176471,47.94444444,54.66666667
ID116vid6,45.23529412,49.70588235,58.05882353,43.35294118,47.72222222,54.93333333
ID116vid6,45.11764706,44.64705882,57.82352941,43.35294118,47.5,54.93333333
ID116vid6,45.35294118,46.82352941,57.94117647,42.41176471,47.83333333,55.8
ID116vid6,44.94117647,46,57.70588235,41.82352941,48.27777778,55.66666667
ID116vid6,44.47058824,45.29411765,57.82352941,41.17647059,48.27777778,55.66666667
ID116vid6,43.70588235,45.35294118,58.76470588,34.82352941,48.16666667,55.53333333
ID116vid6,43.58823529,45.05882353,58.17647059,38.58823529,47.94444444,55.93333333
ID116vid6,42.76470588,45.11764706,57.58823529,37.76470588,48.27777778,56.73333333
ID116vid6,42.76470588,44.64705882,57.70588235,37.05882353,48.94444444,57.4
ID116vid6,42.41176471,43.70588235,58.05882353,36.11764706,49.05555556,57
ID116vid6,42.41176471,44.23529412,58.41176471,36.35294118,48.94444444,56.86666667
ID116vid6,42.64705882,41.52941176,58.52941176,36.94117647,49.5,56.86666667
ID116vid6,43.05882353,42.23529412,59,37.88235294,49.5,56.86666667
ID116vid6,43.05882353,43.05882353,58.76470588,37.29411765,49.5,57.13333333
ID116vid6,43.29411765,42.47058824,58.76470588,37.29411765,50.16666667,57.4
ID116vid6,43.17647059,41.76470588,58.17647059,37.41176471,50.83333333,57.13333333
ID116vid6,43.82352941,42.76470588,57.76470588,38.35294118,51.05555556,57.26666667
ID116vid6,46.17647059,38.05882353,57.29411765,38,51.05555556,57.13333333
ID116vid6,46.41176471,42.76470588,57.64705882,37.05882353,51.5,57.93333333
ID116vid6,46.29411765,42.23529412,58,36.94117647,52.05555556,58.2
ID116vid6,46.41176471,41.52941176,58.47058824,36.70588235,51.83333333,58.46666667
ID116vid6,46.52941176,38.29411765,58.17647059,36.47058824,52.27777778,58.73333333
ID116vid6,46.88235294,36.05882353,58.64705882,35.76470588,52.16666667,59.53333333
ID116vid6,47.47058824,41.35294118,58.41176471,33.17647059,52.61111111,60.33333333
ID116vid6,47.35294118,41.05882353,59.58823529,33.17647059,52.5,61.2
ID116vid6,47.35294118,40.58823529,59.58823529,34.35294118,52.83333333,62.46666667
ID116vid6,47.11764706,38.52941176,59,35.17647059,52.72222222,62.86666667
ID116vid6,46.64705882,38.76470588,59.58823529,34.58823529,52.94444444,64.06666667
ID116vid6,46.76470588,38.35294118,60.35294118,33.52941176,53.61111111,64.6
ID116vid6,46.17647059,41.23529412,62.29411765,33.52941176,54.38888889,64.86666667
ID116vid6,44.11764706,38.70588235,62.64705882,34.82352941,55.27777778,64.86666667
ID116vid6,44,41.82352941,63.47058824,35.17647059,55.5,65.13333333
ID116vid6,44,41.35294118,64.29411765,33.23529412,55.94444444,65.53333333
ID116vid6,43.41176471,39.82352941,64.41176471,33.47058824,56.5,65
ID116vid6,43.41176471,38.94117647,64.64705882,33.94117647,57.05555556,65
ID116vid6,43.29411765,38.35294118,65.23529412,33.47058824,56.94444444,65.13333333
ID116vid6,43.29411765,38.23529412,65.23529412,33.70588235,57.5,65.66666667
ID116vid6,43.52941176,37.76470588,64.88235294,33.23529412,57.61111111,66.73333333
ID116vid6,43.29411765,39.58823529,65,32.64705882,57.61111111,67.26666667
ID116vid6,43.41176471,39.58823529,64.29411765,34.64705882,57.94444444,67.53333333
ID116vid6,44.11764706,38.76470588,63.58823529,33.70588235,58.27777778,67.26666667
ID116vid6,44.58823529,38.64705882,62.23529412,28.70588235,58.16666667,66.86666667
ID116vid6,44.47058824,37.94117647,59.23529412,29.29411765,57.61111111,66.86666667
ID116vid6,44.35294118,38.52941176,60.35294118,29.76470588,57.5,66.33333333
ID116vid6,44.35294118,38.64705882,61.11764706,29.76470588,57.61111111,66.06666667
ID116vid6,44.58823529,39.70588235,63.47058824,30.11764706,57.83333333,67
ID116vid6,44.47058824,39.11764706,63.23529412,30.23529412,58.27777778,67.26666667
ID116vid6,44.58823529,38.70588235,63.47058824,30.23529412,58.5,66.13333333
ID116vid6,44.35294118,37.76470588,62.88235294,29.76470588,58.72222222,66.4
ID116vid6,43.76470588,37.17647059,62.52941176,30.58823529,58.16666667,66.4
ID116vid6,44.58823529,36.94117647,62.05882353,31.05882353,58.05555556,65.46666667
ID116vid6,45.47058824,37.29411765,62.05882353,31.41176471,57.83333333,65.73333333
ID116vid6,45.94117647,38.05882353,61.94117647,31.29411765,57.72222222,66.26666667
ID116vid6,45.70588235,37.23529412,62.17647059,31.05882353,57.94444444,66.26666667
ID116vid6,46.76470588,37.11764706,61.82352941,31.41176471,57.83333333,66.26666667
ID116vid6,46.05882353,37.47058824,61.70588235,31.23529412,57.83333333,66.26666667
ID116vid6,45.82352941,37.23529412,62.29411765,31.35294118,57.94444444,66
ID116vid6,45.47058824,37.23529412,62.17647059,33.35294118,57.83333333,64.93333333
ID116vid6,45.58823529,38.70588235,62.05882353,33.47058824,57.5,64.66666667
ID116vid6,45.64705882,37.58823529,60.76470588,29.17647059,57.27777778,64.66666667
ID116vid6,45.52941176,37.11764706,59.70588235,28.94117647,58.38888889,64.26666667
ID116vid6,45.64705882,36.64705882,58.47058824,29.35294118,57.55555556,63.86666667
ID116vid6,45.88235294,36.41176471,58.35294118,29.58823529,56.27777778,63.86666667
ID116vid6,46,36.58823529,57.64705882,29.70588235,59.55555556,63.2
ID116vid6,46.23529412,35.35294118,57.29411765,29.82352941,56.72222222,63.2
ID116vid6,46.11764706,35.94117647,57.29411765,29.70588235,59.44444444,63.33333333
ID116vid6,46.23529412,34.17647059,57.52941176,29.35294118,59.77777778,63.06666667
ID116vid6,46,35.52941176,57.76470588,28.88235294,59.88888889,63.86666667
ID116vid6,45.52941176,34.17647059,58.11764706,28.88235294,59.77777778,64.26666667
ID116vid6,45.29411765,30.58823529,58.47058824,27.82352941,59.11111111,64.93333333
ID116vid6,45.17647059,36.35294118,59,27.58823529,54.72222222,65.73333333
ID116vid6,44.82352941,35.64705882,59.94117647,27.70588235,58.94444444,66.66666667
ID116vid6,44.47058824,34.94117647,61.58823529,28.05882353,60.16666667,68.46666667
ID116vid6,44.23529412,34.41176471,62.52941176,27.94117647,55.83333333,69.53333333
ID116vid6,44.23529412,35.11764706,62.88235294,27.70588235,58.83333333,69.8
ID116vid6,43.88235294,34.52941176,63.35294118,28.41176471,60.94444444,70.46666667
ID116vid6,44,34.41176471,63.70588235,32.47058824,60.72222222,70.86666667
ID116vid6,44.94117647,35,63.82352941,32.70588235,60.72222222,68.26666667
ID116vid6,44.94117647,34.52941176,64.05882353,32.11764706,60.83333333,68.4
ID116vid6,44.82352941,34.64705882,63.70588235,26.23529412,60.94444444,68.93333333
ID116vid6,45.05882353,35.70588235,64.41176471,26.11764706,61.38888889,69.33333333
ID116vid6,45.17647059,36.82352941,64.41176471,25.88235294,61.16666667,69.6
ID116vid6,45.52941176,35.11764706,64.17647059,26.70588235,61.27777778,70.13333333
ID116vid6,45.41176471,36.11764706,63.82352941,26.70588235,61.55555556,70.66666667
ID116vid6,45.29411765,36.17647059,63.11764706,27.41176471,60.72222222,71.06666667
ID116vid6,45.52941176,35.82352941,63,27.41176471,59.33333333,71.86666667
ID116vid6,45.29411765,35.70588235,63.47058824,28.47058824,59.22222222,72.8
ID116vid6,45.41176471,35.70588235,64.17647059,28.58823529,60.72222222,73.2
ID116vid6,45.29411765,35.41176471,64.52941176,29.05882353,60.16666667,73.6
ID116vid6,45.29411765,35.23529412,64.29411765,28.47058824,60.83333333,73.86666667
ID116vid6,45.29411765,34.88235294,64.64705882,28.58823529,61.94444444,74.53333333
ID116vid6,45.29411765,34.88235294,64.64705882,28.11764706,62.16666667,74.8
ID116vid6,45.29411765,35,64.52941176,27.76470588,62.61111111,74.66666667
ID116vid6,45.17647059,35.11764706,64.88235294,27.64705882,57.55555556,74.66666667
ID116vid6,45.17647059,34.29411765,65.23529412,27.05882353,59.33333333,74.93333333
ID116vid6,45.05882353,33.82352941,65.35294118,27.17647059,63.33333333,75.6
ID117vid4,44.8125,41.41176471,54.33333333,38.625,64.9375,53.92857143
ID117vid4,44.8125,41.41176471,54.22222222,38.625,68,54.21428571
ID117vid4,44.875,41.41176471,54.11111111,38.625,68,54.07142857
ID117vid4,41.9375,41.52941176,54.83333333,38.25,68,54.21428571
ID117vid4,36.75,42.82352941,54.5,39,67.875,54.5
ID117vid4,34.125,44,54.16666667,36.375,67.75,55.07142857
ID117vid4,33.5,46.64705882,53.61111111,35.875,65.1875,56.64285714
ID117vid4,32.5,47.94117647,53.38888889,35.75,65.25,57.78571429
ID117vid4,31.75,48.76470588,54.44444444,38.6875,65.125,59.42857143
ID117vid4,31,49.82352941,54.66666667,38.8125,65.375,59.85714286
ID117vid4,29.875,50.52941176,54.55555556,38.125,66.625,61.57142857
ID117vid4,29.125,50.17647059,55.11111111,40.75,67,61.85714286
ID117vid4,28.75,49.94117647,55.11111111,39.75,65.9375,62.14285714
ID117vid4,28.25,49,54.88888889,39.1875,67.0625,61.57142857
ID117vid4,28.125,48.76470588,54.77777778,35.8125,67.3125,61.42857143
ID117vid4,28.625,48.17647059,55.22222222,38.25,67.4375,61.28571429
ID117vid4,28.25,48.29411765,55.66666667,36.4375,66.625,61.28571429
ID117vid4,28.5,48.52941176,55.44444444,30.75,68.8125,61.28571429
ID117vid4,28.375,48.47058824,55.33333333,30.5,67.25,61.28571429
ID117vid4,27.625,48.35294118,55.44444444,30.375,64.125,61.71428571
ID117vid4,27.75,47.88235294,55.44444444,32.4375,70.125,62.28571429
ID117vid4,27.5,47.29411765,55.33333333,32.8125,69.875,63.14285714
ID117vid4,27.5,46.94117647,55.11111111,32.8125,65.375,63.85714286
ID117vid4,26.875,46,55.11111111,33.1875,65.375,64.14285714
ID117vid4,26.875,45.17647059,55.11111111,33.8125,69.5,64.71428571
ID117vid4,26.875,44.82352941,54.88888889,33.3125,69.5,68.07142857
ID117vid4,27,45.17647059,54.05555556,30.375,68.875,70.42857143
ID117vid4,26.875,44.82352941,53.16666667,30.625,65,70.57142857
ID117vid4,26.375,45.17647059,53.61111111,31.5,64.875,70.57142857
ID117vid4,26.375,44.58823529,53.27777778,31.125,64.875,71.28571429
ID117vid4,26.125,44.47058824,53.38888889,30.625,67.5625,71.57142857
ID117vid4,25.25,45.17647059,53.61111111,26,68.25,71.57142857
ID117vid4,25.125,45.29411765,53.5,25.625,67.5,71.85714286
ID117vid4,25,45.64705882,53.83333333,27.75,66.0625,71.57142857
ID117vid4,25,45.29411765,52.61111111,27.75,66.0625,71.71428571
ID117vid4,24.875,45.64705882,52.83333333,28.375,66.0625,72.14285714
ID117vid4,24.75,45.29411765,52.83333333,31.375,66.3125,72
ID117vid4,25.25,45,52.83333333,30.75,67.875,72
ID117vid4,26.125,44.41176471,52.72222222,24.625,67.0625,71.85714286
ID117vid4,26,44.88235294,52.05555556,25.375,67.375,71.85714286
ID117vid4,25.25,45,52.16666667,25.5,67.375,72.14285714
ID117vid4,24.875,45.23529412,52.05555556,28.0625,67.375,72.57142857
ID117vid4,24.125,46.29411765,52.16666667,31.625,67.375,72.85714286
ID117vid4,23.375,48.29411765,52.38888889,31.5,67.125,73.42857143
ID117vid4,22.75,47,52.38888889,31.5,66.625,74.28571429
ID117vid4,21.5,46,52.38888889,30.75,66.5,75.28571429
ID117vid4,20.875,47.11764706,52.44444444,24.625,65.875,75.57142857
ID117vid4,20.375,46.47058824,53,24.875,65.375,75.57142857
ID117vid4,20,47.76470588,53.88888889,31.375,61.5,75.71428571
ID117vid4,19.125,47.64705882,53.77777778,31.375,65.75,75.85714286
ID117vid4,19.375,48.64705882,54.33333333,31.125,65.5,75.85714286
ID117vid4,20.125,46.94117647,54.55555556,30.375,60.1875,75.85714286
ID117vid4,20.25,46.94117647,54.22222222,23.75,59.6875,75.85714286
ID117vid4,20.5,47.05882353,54.44444444,23.75,60.1875,75.71428571
ID117vid4,22.9375,48.05882353,54.44444444,30.5,60.4375,76
ID117vid4,17.25,46.70588235,53.88888889,30.375,66.25,76.57142857
ID117vid4,22.1875,45.05882353,53.44444444,24,65.3125,76.71428571
ID117vid4,18.8125,45.29411765,54.05555556,24.875,63.3125,76.71428571
ID117vid4,22.875,46.70588235,54.27777778,29.9375,66.25,77
ID117vid4,17.8125,45.88235294,54.16666667,31.75,65.5,77
ID117vid4,20,42.23529412,53.94444444,26.8125,65.75,76.85714286
ID117vid4,20.75,41.58823529,54.61111111,25.5,59.5,76.14285714
ID117vid4,20.75,43.64705882,55.05555556,25.625,59.125,75.71428571
ID117vid4,19.75,42.47058824,55.05555556,25.25,59.8125,74.85714286
ID117vid4,23.0625,42.35294118,54.83333333,25.125,61.0625,75.42857143
ID117vid4,17.875,42.47058824,54.27777778,25.25,59.5,75.42857143
ID117vid4,22.0625,42.94117647,54.61111111,27.8125,61.9375,75.57142857
ID117vid4,20.5,42.82352941,55.05555556,27.3125,62.1875,75.57142857
ID117vid4,21,43.64705882,55.27777778,29.375,58.5625,75.57142857
ID117vid4,21.125,44.58823529,55.5,25.625,58.875,76.14285714
ID117vid4,21.125,44.47058824,54.94444444,22.375,64.25,76.28571429
ID117vid4,21.625,45.64705882,54.61111111,22.5,64,76.28571429
ID117vid4,19.125,45.70588235,54.5,22.625,63.875,76
ID117vid4,23.5,46.88235294,54.5,22.875,63.875,75.57142857
ID117vid4,22.4375,46.82352941,54.94444444,23.375,62.4375,75.14285714
ID117vid4,22.5625,46.47058824,55.61111111,23.25,57.5,75.57142857
ID117vid4,21.8125,44.94117647,55.83333333,23.375,57.5,75.85714286
ID117vid4,22.0625,44.70588235,55.83333333,23.25,58.3125,76
ID117vid4,21.9375,42.76470588,55.83333333,23.875,58.5625,76.14285714
ID117vid4,22.1875,44.23529412,55.94444444,23.125,59.625,76.14285714
ID117vid4,21.9375,40.76470588,56.16666667,22.625,58.9375,76.14285714
ID117vid4,21.6875,38.58823529,56.16666667,22.375,60.375,76.57142857
ID117vid4,22.1875,40.52941176,56.27777778,21.875,60.3125,76.71428571
ID117vid4,22.0625,35.41176471,56.27777778,21.25,59.6875,77.14285714
ID117vid4,21.8125,36.11764706,56.16666667,21.625,60.4375,77.42857143
ID117vid4,22.1875,35.29411765,56.05555556,22,66.5,77.42857143
ID117vid4,21.8125,35.41176471,55.61111111,21.5,63.4375,77.42857143
ID117vid4,22.3125,38.17647059,55.38888889,21,64.0625,77.71428571
ID117vid4,22.0625,37.94117647,54.94444444,21.25,64.4375,77.57142857
ID117vid4,22.0625,37.58823529,54.38888889,21.5,64.3125,77.42857143
ID117vid4,22.1875,38.64705882,54.16666667,20.5,64.5625,76.42857143
ID117vid4,22.0625,39.58823529,53.94444444,20.875,65.1875,76.07142857
ID117vid4,22.1875,39.35294118,54.61111111,20.75,64.9375,75.78571429
ID117vid4,21.9375,39.70588235,54.61111111,23.125,64.5625,75.78571429
ID117vid4,22.4375,39.82352941,54.61111111,24.6875,64.5625,75.92857143
ID117vid4,22.3125,39.11764706,54.27777778,24.3125,65.1875,76.35714286
ID117vid4,22.5625,38.29411765,53.77777778,22.875,65.6875,76.92857143
ID117vid4,22.4375,39,53.5,23,65.4375,76.64285714
ID117vid4,22.1875,39.11764706,53.72222222,24.6875,67.4375,76.64285714
ID117vid4,21.3125,39.35294118,53.72222222,25.1875,67.5625,76.21428571
ID117vid4,20.9375,39.11764706,53.27777778,25.6875,67.5625,76.35714286
ID117vid4,20.3125,38.05882353,53.16666667,25.5625,67.5625,76.5
ID117vid4,20.1875,34.94117647,53.38888889,24.9375,66.8125,76.64285714
ID117vid4,20.0625,36.52941176,53.72222222,24.4375,66.375,76.78571429
ID117vid4,19.8125,40.82352941,53.5,24.0625,66.25,77.5
ID117vid4,19.5625,37.05882353,54.22222222,23.4375,66.75,78
ID117vid4,19.6875,35.94117647,55.11111111,23.0625,67,79.07142857
ID117vid4,19.5625,41.29411765,55.11111111,23.6875,67.4375,79.21428571
ID117vid4,19.6875,38.41176471,54.66666667,24.0625,67.4375,79.35714286
ID117vid4,19.8125,35.17647059,54.66666667,24.5625,67.4375,80.07142857
ID117vid4,20.0625,39.82352941,54.22222222,25.3125,67.1875,79.64285714
ID117vid4,19.8125,41.17647059,53.88888889,24.9375,66.9375,78.57142857
ID117vid4,19.9375,39.52941176,53.33333333,25.1875,67.1875,78.42857143
ID117vid4,19.8125,34.94117647,53.22222222,23,67.3125,78.71428571
ID117vid4,19.5625,35.82352941,53.83333333,22.75,67.0625,78.85714286
ID117vid4,19.3125,40.47058824,54.66666667,23,66.8125,78.28571429
ID117vid4,18.9375,35.70588235,54.61111111,22.25,66.9375,78
ID117vid4,19.1875,34.58823529,54.83333333,22,67.1875,77.71428571
ID117vid4,19.0625,40.35294118,54.94444444,22.25,67.0625,77.85714286
ID117vid4,18.9375,40.70588235,54.27777778,22,66.5625,77.71428571
ID117vid4,19.0625,36.94117647,53.61111111,21.75,66.6875,77.71428571
ID117vid4,18.8125,38.82352941,52.38888889,21.5,64.25,77.28571429
ID117vid4,18.5625,40.58823529,52.05555556,22.25,68.1875,77
ID117vid4,18.1875,38.11764706,52.05555556,22.125,67.875,77
ID117vid4,18.3125,36.23529412,51.72222222,22.25,63.1875,76.28571429
ID117vid4,18.5625,33.52941176,51.27777778,22.125,64.75,76.42857143
ID117vid4,18.1875,33.17647059,51.05555556,21.875,68.0625,76.57142857
ID117vid4,18.3125,34.41176471,50.94444444,22.25,64.125,76.85714286
ID117vid4,18.4375,32.35294118,51.27777778,22.25,67.1875,77.42857143
ID117vid4,18.3125,41.64705882,51.61111111,22,69,77.57142857
ID117vid4,18.4375,40.29411765,51.61111111,20.875,65.75,77.85714286
ID117vid4,17.8125,37.52941176,51.61111111,20.75,66,77.85714286
ID117vid4,18.0625,35.23529412,51.38888889,21.25,66.375,78.14285714
ID117vid4,17.6875,32.82352941,51.16666667,21.5,66.5,78.42857143
ID117vid4,17.9375,34.88235294,50.83333333,22.125,66.625,78.28571429
ID117vid4,17.3125,37.64705882,50.72222222,22.25,66.625,78.42857143
ID117vid4,17.8125,34.05882353,50.83333333,24.1875,67,79.14285714
ID117vid4,17.1875,34.64705882,51.05555556,29.125,67.25,80.14285714
ID117vid4,17.5625,34.41176471,51.05555556,28.75,67.375,80.28571429
ID117vid4,16.9375,32.58823529,51.27777778,28.125,67.375,80.71428571
ID117vid4,17.1875,38.05882353,51.61111111,27.3125,67.25,80.71428571
ID117vid4,17.0625,36.82352941,51.61111111,25.625,67.375,81.42857143
ID117vid4,16.3125,37.17647059,51.83333333,26,67.625,82.28571429
ID117vid4,15.9375,37.64705882,51.83333333,26.375,67.5,82.71428571
ID117vid4,15.6875,38.58823529,50.83333333,26.375,67,83
ID117vid4,15.1875,39.52941176,50.61111111,25.75,66.125,83.57142857
ID117vid4,15.3125,39.05882353,50.27777778,25.5,65.75,83.42857143
ID117vid4,15.4375,39.05882353,49.94444444,26.375,65.875,83.14285714
ID117vid4,15.1875,39.17647059,49.83333333,25.625,66,83
ID117vid4,14.9375,40.76470588,49.27777778,25.75,66.125,82.28571429
ID117vid4,14.6875,35.76470588,49.16666667,24.125,66.25,82
ID117vid4,14.1875,36.41176471,49.27777778,24.625,65.1875,81.28571429
ID117vid4,14.0625,37.47058824,49.61111111,24.75,65.5625,80.71428571
ID117vid4,14.0625,37,49.61111111,23.625,68.875,80
ID117vid4,14.1875,37.11764706,49.61111111,23.5,65.5,79
ID117vid4,14.5625,36.29411765,49.27777778,22.75,64.25,78.85714286
ID117vid4,14.4375,35.58823529,49.38888889,21.625,64.5,79.28571429
ID117vid4,14.1875,35.52941176,49.61111111,22.5,64.625,78.71428571
ID117vid4,13.8125,34.94117647,49.27777778,22.875,66.5,78.85714286
ID117vid4,13.8125,34.94117647,49.27777778,23,70.375,78.14285714
ID117vid4,13.8125,35.17647059,49.27777778,28.5625,67.6875,78.14285714
ID129vid3,74.29411765,48.625,41.94444444,31.92857143,63.88235294,40.46666667
ID129vid3,74.17647059,48.375,41.83333333,31.92857143,63.88235294,40.73333333
ID129vid3,73.64705882,48.25,41.5,31.64285714,64,40
ID129vid3,68.52941176,47.0625,40.94444444,32.35714286,64.11764706,40.13333333
ID129vid3,68.29411765,49.5,40.61111111,32.21428571,63.64705882,40.66666667
ID129vid3,68.05882353,50.5625,40.05555556,28,63.76470588,41.53333333
ID129vid3,67.82352941,50.0625,39.61111111,29.42857143,64.23529412,43.4
ID129vid3,67.11764706,49.6875,38.61111111,30.85714286,64.35294118,45.06666667
ID129vid3,65.52941176,49.5625,38.5,34.71428571,64.70588235,48.33333333
ID129vid3,65.05882353,50.3125,37.66666667,35.28571429,64.82352941,48.93333333
ID129vid3,64.11764706,50.4375,37.88888889,35.5,64.47058824,49.13333333
ID129vid3,63.52941176,50.4375,39.22222222,34.85714286,63.88235294,49
ID129vid3,63.17647059,49.6875,40.77777778,35,64.11764706,49.4
ID129vid3,59.64705882,49.9375,42.77777778,37.28571429,64,50.2
ID129vid3,59.17647059,49.5625,43.61111111,38.07142857,63.76470588,50.46666667
ID129vid3,59.05882353,48.8125,43.83333333,38.07142857,63.52941176,50.6
ID129vid3,58.58823529,47.8125,44.77777778,37.5,63.17647059,50.6
ID129vid3,57.29411765,47.5625,46,37.21428571,63.41176471,50.2
ID129vid3,59.70588235,46.8125,48.61111111,36.64285714,63.88235294,50.46666667
ID129vid3,56.58823529,46.5625,49.61111111,37.14285714,64.94117647,51.13333333
ID129vid3,56.05882353,45.5625,50.16666667,36.42857143,65.17647059,51.8
ID129vid3,55.82352941,49.75,51.22222222,31.85714286,65.76470588,51.8
ID129vid3,55.23529412,47.25,51.77777778,31.57142857,65.88235294,53.26666667
ID129vid3,54.88235294,43.125,52.88888889,31.28571429,66.23529412,53.93333333
ID129vid3,55.11764706,43.625,54.27777778,30.42857143,65.52941176,53.93333333
ID129vid3,54.35294118,44.125,56.83333333,30.71428571,65.52941176,53.53333333
ID129vid3,54.47058824,45.25,57.5,30.14285714,65.52941176,53.66666667
ID129vid3,55.05882353,45.75,57.05555556,29.14285714,66.23529412,54.2
ID129vid3,56.29411765,44.75,57.83333333,27.78571429,66.35294118,55.53333333
ID129vid3,54.70588235,45.25,58.05555556,27.5,66.70588235,55.53333333
ID129vid3,54.70588235,44.5,58.38888889,26.92857143,67.41176471,55.4
ID129vid3,58.17647059,40.875,58.5,26.5,66.82352941,55.13333333
ID129vid3,54.64705882,40.625,59.05555556,26.21428571,66.82352941,54.73333333
ID129vid3,60.88235294,40.125,58.83333333,25.92857143,66.70588235,54.6
ID129vid3,58.11764706,40.9375,60.05555556,26.07142857,66.47058824,54.6
ID129vid3,57,40.6875,60.5,25.92857143,67.17647059,55.4
ID129vid3,54.23529412,40.75,61.27777778,27.92857143,68.23529412,55.66666667
ID129vid3,54.23529412,39.125,62.94444444,29.28571429,68.94117647,56.46666667
ID129vid3,54.35294118,39.1875,63.72222222,29.42857143,69.52941176,56.46666667
ID129vid3,53.52941176,39.875,63.83333333,29.07142857,70,56.73333333
ID129vid3,53.64705882,39.75,63.94444444,26.21428571,70.23529412,56.86666667
ID129vid3,55.23529412,39.625,64.05555556,26.07142857,70.35294118,56.73333333
ID129vid3,54.64705882,39.375,63.27777778,26.35714286,70.58823529,56.6
ID129vid3,54.64705882,39.25,62.94444444,26.64285714,71.17647059,56.33333333
ID129vid3,54.17647059,38.75,62.94444444,26.92857143,71.52941176,56.33333333
ID129vid3,54.52941176,37.625,63.5,26.78571429,71.76470588,56.6
ID129vid3,53.41176471,37.375,63.38888889,27.07142857,71.41176471,56.46666667
ID129vid3,55.47058824,38,62.72222222,27.5,72,56.6
ID129vid3,54.11764706,37.6875,60.16666667,27.35714286,72.47058824,57
ID129vid3,55.23529412,37.4375,58.5,27.78571429,73.05882353,57.26666667
ID129vid3,51.52941176,37.0625,58.16666667,28.07142857,72.94117647,57.13333333
ID129vid3,55.17647059,35.8125,56.66666667,28.07142857,72.82352941,57.66666667
ID129vid3,54.76470588,34.8125,55.83333333,27.78571429,72.82352941,58.13333333
ID129vid3,54.94117647,35.0625,55.11111111,28.21428571,72.58823529,58
ID129vid3,56.17647059,36,54.66666667,27.5,73.05882353,55
ID129vid3,56.05882353,34.875,53.44444444,27.35714286,73.05882353,55.13333333
ID129vid3,56.17647059,35.25,52.88888889,27.5,73.41176471,55.4
ID129vid3,56.64705882,34.75,52.22222222,27.78571429,73.88235294,55.26666667
ID129vid3,57.35294118,35.25,52,28.35714286,73.64705882,55.4
ID129vid3,57.29411765,35.375,51.33333333,27.92857143,73.52941176,55.53333333
ID129vid3,57.29411765,34.875,51.44444444,27.92857143,73.17647059,57
ID129vid3,54.35294118,35.875,51.44444444,27.78571429,73.41176471,57.8
ID129vid3,53.41176471,34.75,51.11111111,29.57142857,73.64705882,58.2
ID129vid3,49.23529412,35.375,50.66666667,29.14285714,73.64705882,58.2
ID129vid3,48.41176471,34.875,50.22222222,29.71428571,73.52941176,58.2
ID129vid3,48.41176471,34.375,49.55555556,30.14285714,73.05882353,58.33333333
ID129vid3,48.64705882,33.5,49.33333333,29.07142857,73.64705882,58.33333333
ID129vid3,48.29411765,33.625,49.88888889,28.92857143,73.76470588,58.33333333
ID129vid3,48.64705882,33.625,49.77777778,30.07142857,74.11764706,58.6
ID129vid3,49.29411765,33.75,49.22222222,30.35714286,73.76470588,58.73333333
ID129vid3,49.05882353,34.625,49.11111111,30.78571429,74,58.6
ID129vid3,48.58823529,34.375,49.77777778,29.92857143,73.88235294,58.6
ID129vid3,48.17647059,35.25,49.55555556,30.21428571,73.76470588,58.86666667
ID129vid3,48.05882353,34.125,49.44444444,30.78571429,73.76470588,59.13333333
ID129vid3,47.82352941,33.625,49.77777778,30.64285714,74.11764706,59.26666667
ID129vid3,47.82352941,33.875,49.55555556,30.5,73.76470588,59.26666667
ID129vid3,47.70588235,34.25,50.33333333,30.78571429,73.29411765,59.8
ID129vid3,47.70588235,33.5625,50.33333333,31.21428571,72.94117647,60.73333333
ID129vid3,47.47058824,37.875,50.44444444,31.07142857,73.05882353,60.86666667
ID129vid3,46.64705882,31.875,50,30.64285714,73.29411765,61.46666667
ID129vid3,45.94117647,31.875,50.44444444,30.78571429,74,61.73333333
ID129vid3,45.82352941,32,50,29.92857143,74,64.13333333
ID129vid3,45.70588235,33.4375,50.11111111,29.64285714,74,64.26666667
ID129vid3,45.82352941,35.125,50.22222222,29.07142857,74,64.4
ID129vid3,45.58823529,33.625,49.88888889,29.07142857,73.88235294,64.4
ID129vid3,45.58823529,33.5625,50,28.78571429,73.88235294,64.4
ID129vid3,45.47058824,33.3125,50.22222222,28.64285714,73.88235294,64.4
ID129vid3,45.47058824,33.3125,49.88888889,28.5,74,64.26666667
ID129vid3,45,31.375,49.33333333,28.21428571,74.23529412,64.26666667
ID129vid3,45.11764706,33.25,47.16666667,28.92857143,74.82352941,64.13333333
ID129vid3,45.11764706,32.1875,47.27777778,28.35714286,74.70588235,64
ID129vid3,44.76470588,32.4375,47.38888889,28.5,74.35294118,63.86666667
ID129vid3,44.52941176,32.9375,47.05555556,28.35714286,74.47058824,63.73333333
ID129vid3,44.29411765,31.5625,47.61111111,35.92857143,74.47058824,63.6
ID129vid3,44.29411765,33.75,47.16666667,34.14285714,75.29411765,63.6
ID129vid3,44.17647059,32.4375,46.5,29.35714286,74.94117647,63.06666667
ID129vid3,44.29411765,32.6875,46.61111111,29.35714286,74.94117647,63.06666667
ID129vid3,44.17647059,31.75,46.16666667,29.78571429,74.47058824,63.06666667
ID129vid3,44.29411765,32.75,45.94444444,29.5,74.58823529,62.66666667
ID129vid3,44.70588235,31,45.61111111,29.92857143,74.47058824,62.66666667
ID129vid3,44.82352941,28.3125,45.5,29.35714286,74.35294118,62.66666667
ID129vid3,46.05882353,32.25,45.61111111,29.07142857,74.70588235,62.66666667
ID129vid3,46.29411765,34.5,45.5,30.57142857,74.94117647,62.66666667
ID129vid3,46.82352941,28.375,45.61111111,30.85714286,75.05882353,62.4
ID129vid3,47.41176471,29.5,45.27777778,28.78571429,75.29411765,62.13333333
ID129vid3,47.52941176,33,45.38888889,28.21428571,75.05882353,61.46666667
ID129vid3,47.05882353,33.5,45.16666667,28.21428571,75.29411765,59.86666667
ID129vid3,47.17647059,27.75,44.83333333,28.35714286,75.17647059,59.46666667
ID129vid3,47.17647059,28.375,44.38888889,28.35714286,75.41176471,59.6
ID129vid3,47.17647059,28.125,43.94444444,29.07142857,75.41176471,59.86666667
ID129vid3,46.82352941,27.9375,43.27777778,28.78571429,75.17647059,60.13333333
ID129vid3,45.76470588,28.3125,43.83333333,29.78571429,75.29411765,59.86666667
ID129vid3,45.17647059,33.9375,43.83333333,29.78571429,76.35294118,59.2
ID129vid3,44.82352941,34.0625,43.27777778,29.5,76.70588235,59.33333333
ID129vid3,46.11764706,33.8125,43.16666667,29.64285714,77.29411765,59.33333333
ID129vid3,46.47058824,33.3125,43.16666667,29.78571429,77.17647059,59.06666667
ID129vid3,46.58823529,32.6875,43.61111111,29.92857143,77.41176471,59.2
ID129vid3,47.05882353,32.0625,42.94444444,29.78571429,77.64705882,59.06666667
ID129vid3,46.47058824,31.6875,42.05555556,29.92857143,77.41176471,59.33333333
ID129vid3,46.11764706,31.8125,41.83333333,29.92857143,77.76470588,59.2
ID129vid3,45.76470588,31.1875,42.5,29.78571429,77.64705882,58.93333333
ID129vid3,45.64705882,30.4375,43.05555556,30.35714286,77.76470588,58.53333333
ID129vid3,45.64705882,27.6875,42.61111111,30.64285714,77.64705882,58.53333333
ID129vid3,45.64705882,26.1875,42.16666667,31.07142857,78,58.4
ID129vid3,45.52941176,26.3125,41.83333333,31.92857143,78.11764706,58.8
ID129vid3,45.41176471,26.6875,42.05555556,37.07142857,77.82352941,58.8
ID129vid3,44.94117647,27.0625,41.83333333,36.92857143,77.94117647,55.53333333
ID129vid3,44.47058824,26.8125,41.83333333,32.78571429,77.94117647,58.4
ID129vid3,44.35294118,25.9375,41.94444444,32.78571429,77.94117647,58.13333333
ID129vid3,44.35294118,25.6875,40.44444444,32.21428571,77.82352941,58.4
ID129vid3,43.29411765,25.8125,38.94444444,31.5,78.05882353,58
ID129vid3,39.35294118,25.0625,38.94444444,31.64285714,77.82352941,57.86666667
ID129vid3,39.23529412,25.4375,38.5,31.07142857,77.70588235,57.73333333
ID129vid3,39.11764706,24.6875,38.38888889,31.5,77.70588235,57.2
ID129vid3,39.11764706,23.9375,38.05555556,31.21428571,77.82352941,57.06666667
ID129vid3,39.11764706,23.1875,37.72222222,31.35714286,77.70588235,56.66666667
ID129vid3,39,23.1875,38.16666667,30.64285714,77.94117647,56.26666667
ID129vid3,38.76470588,22.6875,38.72222222,30.5,77.70588235,56.13333333
ID129vid3,38.52941176,23.8125,38.72222222,31.21428571,77.70588235,56.66666667
ID129vid3,38.29411765,24.9375,37.94444444,30.64285714,78.05882353,57.33333333
ID129vid3,38.29411765,25.1875,38.61111111,30.35714286,78.05882353,59.2
ID129vid3,37.94117647,23.8125,38.83333333,31.07142857,78.41176471,59.46666667
ID129vid3,37.94117647,23.5625,38.72222222,30.78571429,78.76470588,59.73333333
ID129vid3,37.94117647,22.9375,38.5,30.92857143,79,60
ID129vid3,37.35294118,23.1875,38.5,29.92857143,79.58823529,60.53333333
ID129vid3,36.58823529,24.4375,38.16666667,29.78571429,79.35294118,60.66666667
ID129vid3,36.23529412,24.3125,38.16666667,28.92857143,79.23529412,60.93333333
ID129vid3,35.76470588,23.9375,38.05555556,29.64285714,79.35294118,61.2
ID129vid3,35.76470588,23.4375,37.72222222,33.35714286,79.11764706,61.86666667
ID129vid3,36.11764706,23.4375,37.5,33.14285714,79.23529412,61.73333333
ID129vid3,35.29411765,23.8125,37.61111111,29.64285714,79,62.26666667
ID129vid3,35.23529412,23.8125,37.5,30.07142857,79,61.86666667
ID129vid3,35.23529412,23.4375,37.61111111,29.78571429,78.88235294,61.46666667
ID129vid3,35.23529412,22.8125,37.72222222,30.07142857,78.88235294,60.8
ID129vid3,35.11764706,21.6875,37.72222222,29.78571429,79.11764706,60.66666667
ID129vid3,35.11764706,22.1875,38.38888889,29.35714286,79,60.66666667
ID129vid3,35.11764706,22.3125,38.94444444,29.78571429,79.11764706,60.8
ID129vid3,34.88235294,22.6875,39.27777778,29.35714286,78.76470588,60.8
ID129vid3,34.76470588,23.6875,39.38888889,29.21428571,78.88235294,60.4
ID129vid3,34.05882353,23.4375,39.38888889,28.92857143,79.11764706,60.26666667
ID129vid3,34.17647059,23.1875,38.83333333,29.35714286,78.64705882,59.6
ID129vid3,34.17647059,23.1875,38.16666667,30.5,78.29411765,60.93333333
ID129vid3,34.76470588,22.9375,37.72222222,30.21428571,78.41176471,61.33333333
ID129vid3,34.88235294,22.125,38.05555556,30.64285714,78.52941176,61.2
ID129vid3,34.88235294,21.5,37.72222222,30.64285714,78.41176471,60.66666667
ID129vid3,35,21.875,38.27777778,30.64285714,78.52941176,60.4
ID129vid3,35.88235294,21.75,38.5,31.35714286,78.41176471,60.13333333
ID129vid3,36.23529412,21.375,40.83333333,31.07142857,78.41176471,60.26666667
ID129vid3,36.11764706,21.625,39.16666667,31.78571429,78.41176471,60.26666667
ID129vid3,35.76470588,21.25,39.61111111,32.07142857,77.94117647,59.06666667
ID129vid3,35.64705882,21.375,40.05555556,32.78571429,77.82352941,59.6
ID129vid3,36.58823529,21.25,38.83333333,32.78571429,77.70588235,60.13333333
ID129vid3,38.23529412,21,39.16666667,33.64285714,77.35294118,60.26666667
ID129vid3,38.58823529,20.875,39.38888889,33.35714286,77.35294118,59.73333333
ID129vid3,37.94117647,20.125,38.5,33.92857143,77.58823529,59.33333333
ID129vid3,36.76470588,20.875,38.38888889,34.21428571,77.23529412,57.73333333
ID129vid3,34.17647059,21.25,38.05555556,34.35714286,77.23529412,56.8
ID129vid3,34.88235294,21.375,37.72222222,33.21428571,77.47058824,58
ID129vid3,35.58823529,21.75,38.27777778,33.07142857,77.35294118,59.33333333
ID129vid3,35.58823529,21.25,38.38888889,32.5,77.47058824,59.73333333
ID129vid3,35.47058824,21.25,39.38888889,32.5,77.35294118,60.4
ID129vid3,34.64705882,20.375,39.05555556,33.07142857,77.58823529,61.2
ID131vid2,66.86666667,72.5625,26.16666667,75.88235294,23.66666667,32.73333333
ID131vid2,66.73333333,72.8125,25.94444444,76,23.66666667,32.33333333
ID131vid2,65.53333333,72.0625,25.94444444,74.52941176,23.88888889,30.8
ID131vid2,58.8,71.4375,25.72222222,73.47058824,24.27777778,30
ID131vid2,57.33333333,70.3125,25.05555556,72.41176471,24.83333333,29.2
ID131vid2,55.73333333,69.4375,24.5,71.47058824,29.5,27.6
ID131vid2,54.2,68.8125,23.33333333,69.52941176,29.16666667,26.26666667
ID131vid2,51.4,68.1875,23,66.82352941,28.72222222,25.86666667
ID131vid2,50.2,68.9375,22.77777778,64.35294118,28.38888889,25.73333333
ID131vid2,49,68.5625,22.77777778,63.41176471,28.38888889,25.6
ID131vid2,48.73333333,67.8125,22,62.64705882,32.16666667,25.73333333
ID131vid2,47.93333333,67.5625,21.38888889,61.41176471,34.05555556,26
ID131vid2,47.53333333,67.6875,21.38888889,61.64705882,33.33333333,26.73333333
ID131vid2,52,66.6875,21.05555556,64,30.11111111,26.2
ID131vid2,50.53333333,64.9375,20.83333333,64.41176471,30.33333333,25.8
ID131vid2,47.4,62.75,21.61111111,60.94117647,32.22222222,25.53333333
ID131vid2,47,62.125,22.5,56.70588235,33.11111111,25
ID131vid2,47.26666667,61.375,22.38888889,55.64705882,34.83333333,24.33333333
ID131vid2,46.86666667,60.375,23.33333333,54.70588235,35.72222222,23.4
ID131vid2,46.13333333,60.875,23.77777778,53.88235294,35.72222222,23.53333333
ID131vid2,46,61,24,54.70588235,35.94444444,23.53333333
ID131vid2,45.46666667,60.875,24.11111111,54.82352941,36.05555556,22.86666667
ID131vid2,45.33333333,57.9375,24.33333333,56.17647059,36.5,22.46666667
ID131vid2,44.93333333,58.3125,24.77777778,55.11764706,36.83333333,22.73333333
ID131vid2,44.53333333,57.4375,25.33333333,54.41176471,37.16666667,23
ID131vid2,44.4,56.75,28.22222222,53.82352941,37.61111111,23.66666667
ID131vid2,44.66666667,56.125,31,52.52941176,39.27777778,23.53333333
ID131vid2,44,55.75,30.77777778,52.05882353,40.27777778,23.8
ID131vid2,43.86666667,54.625,30.88888889,51,40.72222222,24.06666667
ID131vid2,43.33333333,50.875,31.22222222,53.17647059,40.5,25.13333333
ID131vid2,43.06666667,50.625,32.11111111,53.47058824,40.61111111,25.13333333
ID131vid2,42.66666667,51.5,32.33333333,53.58823529,40.83333333,25
ID131vid2,42.26666667,49.5625,32.33333333,51.88235294,41.16666667,24.66666667
ID131vid2,41.6,48.5625,32.11111111,49.52941176,40.38888889,24.66666667
ID131vid2,40.93333333,41.9375,32.44444444,49.23529412,36.83333333,24.13333333
ID131vid2,40.8,42,33.11111111,48.35294118,37.27777778,24.26666667
ID131vid2,40.26666667,48.1875,33,48.35294118,37.38888889,24.13333333
ID131vid2,39.06666667,40.375,32.88888889,43.11764706,38.55555556,24
ID131vid2,38.93333333,39.5,30.27777778,43.05882353,39.61111111,23.73333333
ID131vid2,38.53333333,40.9375,30.16666667,43.41176471,39.94444444,23.73333333
ID131vid2,38.66666667,40.8125,29.94444444,43.17647059,40.72222222,23.73333333
ID131vid2,38.4,43.3125,30.05555556,44.70588235,42.44444444,23.73333333
ID131vid2,38,42.6875,30.77777778,45.88235294,45.38888889,23.73333333
ID131vid2,38.13333333,42.1875,30.66666667,47.58823529,45.38888889,23.73333333
ID131vid2,37.6,41.875,30.72222222,47.47058824,44.72222222,23.73333333
ID131vid2,36.93333333,42.375,29.94444444,48.29411765,43.94444444,22.93333333
ID131vid2,36.66666667,41.75,29.33333333,47.58823529,43.61111111,23.06666667
ID131vid2,36.8,41,29.55555556,48.05882353,39.61111111,23.2
ID131vid2,36.8,40.625,29.33333333,48.05882353,39.94444444,23.73333333
ID131vid2,36.66666667,40.9375,28.27777778,48.52941176,40.16666667,23.86666667
ID131vid2,36,38.625,27.94444444,51.88235294,39.94444444,24.13333333
ID131vid2,36,38,28.05555556,51.76470588,40.27777778,24.13333333
ID131vid2,36,37.125,27.94444444,52,40.61111111,24.26666667
ID131vid2,32.8,36.75,28.27777778,52.58823529,41.33333333,25.2
ID131vid2,32.8,39.1875,28.61111111,52.47058824,42.16666667,24.93333333
ID131vid2,32.8,39.5625,28.72222222,52.58823529,41.83333333,25.06666667
ID131vid2,32.8,39.5625,28.94444444,51.88235294,41.94444444,24.53333333
ID131vid2,32.53333333,39.9375,28.94444444,51.52941176,42.38888889,24.53333333
ID131vid2,32.53333333,40.3125,29.05555556,50.35294118,41.61111111,24.13333333
ID131vid2,32.53333333,40.8125,29.5,48.94117647,41.27777778,24.33333333
ID131vid2,32.4,41.3125,29.83333333,46.88235294,41.27777778,24.33333333
ID131vid2,32.4,39.75,29.94444444,46.29411765,41.5,24.06666667
ID131vid2,32.26666667,37.0625,29.83333333,45.94117647,41,23.93333333
ID131vid2,31.73333333,42.1875,29.83333333,47.58823529,39.5,24.2
ID131vid2,31.86666667,41.4375,29.83333333,47.70588235,40.05555556,24.2
ID131vid2,31.86666667,38.875,29.83333333,46.88235294,40.5,24.2
ID131vid2,31.46666667,38.375,29.72222222,46.52941176,40.77777778,24.06666667
ID131vid2,31.33333333,38,29.5,47.35294118,41.11111111,23.8
ID131vid2,31.73333333,37.125,29.61111111,45.88235294,42.27777778,23.8
ID131vid2,31.73333333,36.5,29.5,44.94117647,42.38888889,24.06666667
ID131vid2,31.73333333,36.375,29.72222222,44.82352941,42.94444444,24.6
ID131vid2,31.46666667,36.25,29.11111111,45.64705882,46.16666667,24.6
ID131vid2,32.13333333,36.75,28.88888889,44.70588235,45.27777778,25
ID131vid2,32.26666667,36.875,28.88888889,44.35294118,45.61111111,25.8
ID131vid2,32.26666667,37.5,28.88888889,45.05882353,45.61111111,26.33333333
ID131vid2,35.33333333,37.375,28.55555556,46.35294118,46.05555556,26.06666667
ID131vid2,34.66666667,36.875,28.22222222,47.82352941,46.27777778,25.93333333
ID131vid2,31.73333333,36.875,28.11111111,47.23529412,45.94444444,25.8
ID131vid2,31.6,36.75,27.44444444,47.64705882,46.27777778,25.13333333
ID131vid2,32.2,36.125,27,48.11764706,42.55555556,25.13333333
ID131vid2,32.33333333,36.125,26.55555556,47.17647059,41.83333333,25
ID131vid2,32.6,37,25.83333333,46.94117647,41.61111111,24.73333333
ID131vid2,32.73333333,37.75,25.83333333,44.88235294,41.38888889,25.13333333
ID131vid2,32.86666667,38.375,25.27777778,44.41176471,41.05555556,25.26666667
ID131vid2,32.6,37.625,25.5,42.76470588,41.38888889,25.13333333
ID131vid2,32.73333333,36.625,25.5,43.52941176,41.83333333,24.33333333
ID131vid2,32.86666667,35.5,25.27777778,43.41176471,42.61111111,23.93333333
ID131vid2,33.13333333,35.125,25.94444444,41.52941176,45.05555556,23.26666667
ID131vid2,33.13333333,35.75,25.94444444,40.47058824,45.16666667,22.6
ID131vid2,33.26666667,36.5,27.16666667,41.05882353,45.16666667,21.66666667
ID131vid2,33.26666667,36.625,26.94444444,39.88235294,44.83333333,21.53333333
ID131vid2,32.73333333,36.375,27.05555556,39.23529412,44,21.13333333
ID131vid2,32.6,36.25,26.83333333,39.58823529,44.33333333,21.26666667
ID131vid2,32.06666667,35.875,26.94444444,39.23529412,44,24.13333333
ID131vid2,31.93333333,35.375,27.27777778,38.29411765,43.88888889,24
ID131vid2,31.8,35,27.05555556,37.82352941,43.88888889,24.13333333
ID131vid2,31.66666667,35.5,27.38888889,38.17647059,44.22222222,24.53333333
ID131vid2,31.4,35.1875,27.72222222,39.11764706,44.77777778,24.26666667
ID131vid2,31.53333333,35.75,27.5,38.76470588,44.72222222,24.26666667
ID131vid2,31.53333333,33.875,27.61111111,41,44.38888889,25.06666667
ID131vid2,31.66666667,35.375,27.05555556,41.94117647,44.77777778,25.2
ID131vid2,31.4,37.125,27.5,36.41176471,47.77777778,24.6
ID131vid2,31.4,35.625,27.5,36.29411765,47.77777778,25
ID131vid2,31.26666667,35,27.27777778,35.23529412,47.66666667,25
ID131vid2,31.26666667,35.375,27.16666667,34.76470588,45.27777778,24.33333333
ID131vid2,31.13333333,36,27.16666667,35.47058824,45.38888889,23.93333333
ID131vid2,31.13333333,34.875,27.16666667,34.17647059,45.38888889,23.8
ID131vid2,31.53333333,33.625,27.16666667,33.70588235,45.38888889,23.66666667
ID131vid2,31.8,32.6875,27.27777778,34.76470588,45.16666667,23.53333333
ID131vid2,32.06666667,31.9375,27.38888889,35.23529412,45.61111111,24.06666667
ID131vid2,32.06666667,30.375,26.83333333,35.94117647,45.11111111,23.53333333
ID131vid2,32.26666667,31.5625,27.16666667,38.05882353,43,23.66666667
ID131vid2,32.26666667,34.8125,26.94444444,38.52941176,43.44444444,24.6
ID131vid2,31.86666667,30.0625,26.72222222,39,43.55555556,24.6
ID131vid2,31.6,30.1875,26.83333333,42.05882353,45.94444444,25.4
ID131vid2,30.93333333,32.4375,27.72222222,41.11764706,46.16666667,25.66666667
ID131vid2,30.93333333,31.3125,27.61111111,38.29411765,46.38888889,25.66666667
ID131vid2,30.8,30.8125,27.72222222,38.17647059,48,25.4
ID131vid2,31,30.0625,27.83333333,37.70588235,48.88888889,25.26666667
ID131vid2,30.86666667,28.1875,28.61111111,37.47058824,49.55555556,25.53333333
ID131vid2,30.86666667,27.4375,30.27777778,37.58823529,49.77777778,24.8
ID131vid2,30.86666667,29.3125,29.5,37.47058824,50.94444444,23.46666667
ID131vid2,30.73333333,25.5625,27.55555556,38.47058824,51.55555556,22.93333333
ID131vid2,30.73333333,30.5625,26.44444444,39.76470588,52.55555556,23.46666667
ID131vid2,30.86666667,33.3125,25.5,40.58823529,53.11111111,24.53333333
ID131vid2,30.73333333,27.8125,24.38888889,40.05882353,54.66666667,24.26666667
ID131vid2,30.46666667,28.5625,23.83333333,40.29411765,51.66666667,24.4
ID131vid2,30.33333333,29.9375,22.33333333,39.70588235,50.11111111,24.8
ID131vid2,29.93333333,31.3125,22.77777778,39,50.66666667,24.66666667
ID131vid2,29.93333333,31.5625,23.22222222,39.58823529,50.88888889,24.66666667
ID131vid2,29.66666667,31.3125,23.55555556,40.76470588,56.44444444,24.26666667
ID131vid2,29.66666667,30.6875,24.33333333,40.88235294,56.22222222,23.86666667
ID131vid2,29.66666667,33.375,25.11111111,41.35294118,55.88888889,23.86666667
ID131vid2,29.66666667,32.8125,26.05555556,41.94117647,50.33333333,23.6
ID131vid2,28.86666667,28.5625,26.5,41.41176471,50.22222222,23.6
ID131vid2,28.2,31.375,26.27777778,41.05882353,50.33333333,23.6
ID131vid2,28.2,32.6875,26.27777778,42.58823529,50.55555556,23.2
ID131vid2,28.2,31.8125,26.27777778,43.29411765,50.77777778,22.4
ID131vid2,28.06666667,31.25,26.38888889,43.64705882,50.77777778,22.26666667
ID131vid2,28.06666667,31,26.61111111,45.05882353,51.22222222,22.53333333
ID131vid2,27.93333333,30.4375,26.94444444,45.64705882,52.27777778,22.66666667
ID131vid2,27.93333333,30.3125,27.16666667,44.23529412,52.27777778,22.53333333
ID131vid2,27.93333333,29.9375,27.72222222,43.17647059,55.94444444,22.53333333
ID131vid2,27.93333333,29.6875,28.83333333,43.29411765,55.83333333,22.66666667
ID131vid2,27.93333333,29.8125,28.38888889,42.70588235,55.72222222,22.93333333
ID131vid2,27.93333333,30.1875,28.61111111,42,54.33333333,23.33333333
ID131vid2,27.93333333,29.6875,28.5,41.88235294,54.33333333,23.33333333
ID131vid2,27.8,28.8125,28.5,42.23529412,54.22222222,23.6
ID131vid2,27.66666667,29.4375,28.5,42.23529412,54.11111111,23.06666667
ID131vid2,27.8,30.0625,29.94444444,41.88235294,53.16666667,23.2
ID131vid2,27.66666667,29.5625,30.38888889,43.29411765,52.88888889,22.8
ID131vid2,27.53333333,29.1875,30.83333333,43.88235294,52.33333333,22.8
ID131vid2,27.4,29.6875,31.05555556,43.17647059,52.44444444,22.4
ID165vid7,52.375,54.06666667,51.22222222,51.47058824,41.93333333,54.2
ID165vid7,52.375,54.6,51.33333333,51.35294118,41.93333333,54.33333333
ID165vid7,52.0625,53.73333333,51.33333333,51.11764706,42.2,54.6
ID165vid7,51.6875,54.4,49.05555556,51,42.2,54.46666667
ID165vid7,50.6875,54.93333333,51.55555556,50.76470588,41.93333333,54.46666667
ID165vid7,47.6875,54.73333333,52.22222222,51.11764706,41.53333333,54.06666667
ID165vid7,46.8125,57.2,53.22222222,50.76470588,41.8,53.73333333
ID165vid7,46.0625,56.8,53.66666667,50.52941176,41.66666667,53.46666667
ID165vid7,45.5625,56.53333333,54.22222222,49.47058824,41.8,53.33333333
ID165vid7,45.1875,56.53333333,54.55555556,49.35294118,42.06666667,53.13333333
ID165vid7,45.125,56.93333333,54.33333333,48.64705882,42.46666667,53
ID165vid7,42.5625,56.93333333,54.66666667,48.41176471,43.13333333,52.86666667
ID165vid7,41.625,56.66666667,55.11111111,49,43.53333333,53.13333333
ID165vid7,44,56.53333333,56.11111111,49.58823529,43.66666667,53.53333333
ID165vid7,40.1875,57.2,56.44444444,49.58823529,43.53333333,53.53333333
ID165vid7,43.9375,58.66666667,57.11111111,49.35294118,43.93333333,53.26666667
ID165vid7,44.0625,56.66666667,59.16666667,50.05882353,44.06666667,53.53333333
ID165vid7,44.5625,55.73333333,58.22222222,49.70588235,44.6,53.8
ID165vid7,46,54.93333333,56.27777778,51,45,53.66666667
ID165vid7,46.75,54.13333333,54.83333333,51.23529412,45.4,52.73333333
ID165vid7,47,53.6,54.72222222,51.23529412,46.06666667,52.33333333
ID165vid7,47.25,53.46666667,55.16666667,50.64705882,46.2,52.2
ID165vid7,47,53.2,55.61111111,50.17647059,46.2,52.33333333
ID165vid7,46.875,53.06666667,55.5,50.41176471,46.46666667,51.93333333
ID165vid7,46.875,52.8,55.83333333,50.76470588,46.73333333,51.93333333
ID165vid7,46.75,52.4,55.83333333,50.17647059,46.86666667,51.66666667
ID165vid7,47,52.66666667,56.05555556,50.76470588,46.86666667,51.8
ID165vid7,47,53.46666667,55.83333333,51.11764706,47,51.53333333
ID165vid7,47.125,54.8,55.83333333,51.47058824,47,51.66666667
ID165vid7,47.375,55.73333333,55.61111111,52.29411765,47,51.4
ID165vid7,48.375,57.13333333,55.27777778,54.88235294,46.6,50.06666667
ID165vid7,49,60.6,54.5,61.47058824,45.6,44.86666667
ID165vid7,49,53.53333333,54.72222222,65.88235294,44.2,42.4
ID165vid7,48.5,54.33333333,54.61111111,67.76470588,43.93333333,40.26666667
ID165vid7,49.25,61.33333333,55.05555556,66.94117647,43.66666667,39.46666667
ID165vid7,50.5,60.66666667,55.61111111,67.52941176,43.4,38.26666667
ID165vid7,50.875,53.53333333,55.72222222,67.88235294,42.73333333,37.33333333
ID165vid7,52.1875,60.2,55.38888889,67.29411765,42.6,36.53333333
ID165vid7,52.625,61.13333333,56.33333333,68,42.2,36.4
ID165vid7,53.6875,55.2,60.05555556,68.47058824,42.06666667,35.6
ID165vid7,53.9375,57.46666667,60.5,68.58823529,42.06666667,35.73333333
ID165vid7,54.3125,55.6,60.72222222,68.70588235,41.66666667,36
ID165vid7,54.9375,55.46666667,60.16666667,68.23529412,41.8,36
ID165vid7,54.5625,58.4,60.72222222,69.05882353,41.93333333,35.73333333
ID165vid7,54.4375,59.46666667,61.83333333,69.17647059,41.8,35.6
ID165vid7,53.8125,60.13333333,62.27777778,72.29411765,41.53333333,36
ID165vid7,54,60.66666667,62.16666667,66.41176471,41.53333333,36.4
ID165vid7,53.75,61.06666667,63.05555556,66.88235294,41.4,36.26666667
ID165vid7,53,61.73333333,62.61111111,72.29411765,41.13333333,35.46666667
ID165vid7,53.5,62.66666667,62.27777778,72.41176471,41.26666667,34.93333333
ID165vid7,53,63.46666667,61.88888889,71.47058824,41.13333333,34
ID165vid7,53.25,63.46666667,62,65.76470588,41.13333333,33.73333333
ID165vid7,53.375,62.33333333,61.66666667,67.23529412,41,33.46666667
ID165vid7,53.125,61.4,60.22222222,71.64705882,41,32.93333333
ID165vid7,52.875,60.46666667,59.66666667,70.17647059,41,32
ID165vid7,53.125,60.06666667,58.55555556,67.41176471,41.26666667,30.8
ID165vid7,53,59,57.77777778,67.52941176,41.8,30.13333333
ID165vid7,52.625,58.06666667,57,67.76470588,41.8,29.86666667
ID165vid7,52.5,59.26666667,57.22222222,69.94117647,41.93333333,29.46666667
ID165vid7,53.25,60.46666667,57.22222222,73.64705882,41.8,28.93333333
ID165vid7,52.875,59.4,56.44444444,73.17647059,41.66666667,29.06666667
ID165vid7,52.375,58.86666667,57.11111111,71.47058824,41.53333333,29.6
ID165vid7,52.125,58.6,57.55555556,70.29411765,41.66666667,30.86666667
ID165vid7,49.3125,58.33333333,58,70.05882353,42.06666667,31.8
ID165vid7,49.5625,58.46666667,58.33333333,70.05882353,42.86666667,32.6
ID165vid7,49.1875,58.33333333,58.22222222,69.58823529,43.4,33.4
ID165vid7,49.0625,58.73333333,58.11111111,69,43.26666667,33.26666667
ID165vid7,48.8125,58.86666667,58.11111111,69.35294118,43.66666667,33.13333333
ID165vid7,49.0625,58.6,57.77777778,70.41176471,43.8,33.26666667
ID165vid7,49.1875,57.8,57.66666667,70.52941176,44.06666667,33.4
ID165vid7,49.0625,56.86666667,58.44444444,70.29411765,44.2,33.53333333
ID165vid7,49.1875,56.73333333,58.11111111,70.64705882,44.86666667,33.8
ID165vid7,49.6875,57,58.11111111,64.17647059,45,33.66666667
ID165vid7,49.8125,57.66666667,57.66666667,68.94117647,45.13333333,33.93333333
ID165vid7,50.0625,58.33333333,58.11111111,70.64705882,44.86666667,34.06666667
ID165vid7,50.3125,58.2,57.44444444,65.23529412,44.86666667,33.93333333
ID165vid7,50.0625,58.33333333,56.77777778,69.88235294,45.26666667,33.53333333
ID165vid7,50.0625,58.46666667,56.22222222,76.52941176,45.4,33.66666667
ID165vid7,49.9375,58.73333333,55.11111111,70.58823529,45.93333333,33.66666667
ID165vid7,49.5625,58.73333333,55.33333333,64.05882353,45.8,33.53333333
ID165vid7,49.1875,59.13333333,55.33333333,64.05882353,45.93333333,33.93333333
ID165vid7,49.3125,59.53333333,55.33333333,69.35294118,46.2,34.33333333
ID165vid7,49.3125,59.53333333,55.66666667,69.58823529,45.93333333,34.2
ID165vid7,48.9375,59.4,56,68.88235294,45.8,34.2
ID165vid7,48.3125,58.86666667,56,63.35294118,45.8,34.33333333
ID165vid7,48.0625,59.4,55.55555556,62.11764706,46.6,34.46666667
ID165vid7,47.8125,59.53333333,55.55555556,61.52941176,46.6,34.33333333
ID165vid7,47.9375,60.6,55.22222222,60.70588235,45.93333333,33.66666667
ID165vid7,48.1875,60.73333333,54.88888889,61.05882353,45.66666667,32.73333333
ID165vid7,48.4375,60.73333333,55.11111111,61.52941176,45.66666667,32.46666667
ID165vid7,48.1875,59.66666667,55.55555556,60.11764706,45.53333333,32.2
ID165vid7,48.0625,59.13333333,55.5,60.29411765,45.13333333,31.93333333
ID165vid7,48.1875,60.06666667,54.66666667,65.29411765,44.73333333,31.8
ID165vid7,47.6875,59.26666667,54.55555556,65.52941176,44.86666667,31.93333333
ID165vid7,47.9375,58.46666667,54.44444444,64.82352941,45.13333333,32.06666667
ID165vid7,47.6875,58.06666667,53.88888889,65.29411765,45.53333333,32.2
ID165vid7,47.3125,57.93333333,53.44444444,65.52941176,46.2,32.86666667
ID165vid7,46.9375,57.8,53.44444444,63.17647059,47.8,35
ID165vid7,46.1875,57.53333333,53.22222222,62.82352941,49.66666667,38.26666667
ID165vid7,45.9375,56.33333333,53.77777778,62,51.6,38.86666667
ID165vid7,44.9375,54.73333333,53.66666667,61.05882353,52.8,41.2
ID165vid7,44.1875,53.13333333,56.05555556,55.76470588,54.26666667,43.33333333
ID165vid7,43.4375,51.8,56.61111111,52.11764706,55.33333333,45.06666667
ID171vid5,58.35714286,45.94117647,59.5,39.875,59.8,55.33333333
ID171vid5,57.35714286,46.05882353,59.72222222,40,59.8,55.33333333
ID171vid5,57.07142857,47.11764706,60.38888889,39.375,59.8,55.33333333
ID171vid5,54.14285714,50,61.11111111,35,59.66666667,55.86666667
ID171vid5,43.28571429,51.41176471,64.11111111,34,60.06666667,56
ID171vid5,46.21428571,51.41176471,64.44444444,33.375,60.33333333,56
ID171vid5,47,51.64705882,64.16666667,31.5625,60.86666667,56.13333333
ID171vid5,47.57142857,51.76470588,64.16666667,31.125,61.26666667,56.13333333
ID171vid5,47.71428571,51.29411765,63.16666667,31.125,60.73333333,55.86666667
ID171vid5,47.28571429,51.41176471,62.27777778,29.875,60.46666667,56
ID171vid5,46.85714286,51.29411765,61.05555556,29.9375,60.2,55.6
ID171vid5,46.28571429,53.47058824,61,30.625,59.4,55.06666667
ID171vid5,46,54.29411765,62.33333333,30.5,59,55.06666667
ID171vid5,46.71428571,54.29411765,62.88888889,30.875,59.13333333,55.06666667
ID171vid5,47.28571429,53.70588235,63.44444444,30.125,59,54.8
ID171vid5,46.42857143,52.70588235,62.72222222,29.875,59.13333333,54.26666667
ID171vid5,45.71428571,53.05882353,62.55555556,28.5,59.26666667,53.86666667
ID171vid5,45,51.88235294,63,28.625,59.53333333,53.33333333
ID171vid5,43.57142857,47.82352941,63.44444444,28.625,59.53333333,53.2
ID171vid5,43.28571429,47.58823529,63.55555556,27.875,59.53333333,53.46666667
ID171vid5,42.85714286,47.58823529,63.44444444,27.625,59.66666667,52.93333333
ID171vid5,42.14285714,48.29411765,62.77777778,27.375,59.66666667,52.8
ID171vid5,41.85714286,47.70588235,63.22222222,27.625,59.93333333,53.06666667
ID171vid5,41.14285714,47.35294118,63,27.8125,59.93333333,53.33333333
ID171vid5,41.28571429,47.70588235,63.44444444,27.9375,59.8,53.6
ID171vid5,41.28571429,47.47058824,64.38888889,27.5625,59.53333333,53.6
ID171vid5,41.57142857,47.11764706,65.88888889,27.9375,59.66666667,53.33333333
ID171vid5,41.71428571,47.23529412,66.55555556,27.5625,59.4,52.93333333
ID171vid5,42,46.76470588,62.77777778,29.3125,59.26666667,53.2
ID171vid5,42.14285714,46.76470588,63,29.8125,59.8,54.13333333
ID171vid5,42.28571429,46.76470588,63.88888889,30.8125,59.93333333,54
ID171vid5,42.28571429,46.64705882,65,31.6875,59.53333333,53.73333333
ID171vid5,42.28571429,47.23529412,65.11111111,32.5625,59.6,54.26666667
ID171vid5,42.85714286,47.70588235,65.33333333,31.4375,59.46666667,54.26666667
ID171vid5,43,48.05882353,65.33333333,31.5625,60.26666667,54.53333333
ID171vid5,42.85714286,48.05882353,65.66666667,31.0625,60.26666667,54.8
ID171vid5,42.85714286,48.05882353,65.22222222,30.9375,60.53333333,54.66666667
ID171vid5,43,48.29411765,64.88888889,30.6875,60.8,55.06666667
ID171vid5,43,49.11764706,65.22222222,30.5625,60.8,55.46666667
ID171vid5,43,49,65.72222222,29.9375,61.46666667,55.33333333
ID171vid5,43.14285714,48.41176471,65.5,30.3125,62.13333333,55.73333333
ID171vid5,42.85714286,48.17647059,65.94444444,29.3125,62.4,55.6
ID171vid5,42.85714286,48.76470588,65.38888889,29.0625,62.53333333,55.2
ID171vid5,42.42857143,48.05882353,65.38888889,29.4375,62.53333333,55.33333333
ID171vid5,41.85714286,47.70588235,65.16666667,29.5625,63.06666667,55.06666667
ID171vid5,42,42.76470588,63.33333333,29.6875,63.2,55.2
ID171vid5,42,42.52941176,64.72222222,29.8125,64.33333333,54.53333333
ID171vid5,42,46.82352941,65.77777778,29.0625,65,54.66666667
ID171vid5,41.85714286,46.88235294,67.83333333,34.6875,64.86666667,54.93333333
ID171vid5,41.85714286,46.17647059,68.16666667,34.3125,64.86666667,54.93333333
ID171vid5,42.14285714,45.82352941,66.38888889,29.8125,64.46666667,55.06666667
ID171vid5,42.14285714,45,65.94444444,27.8125,63.8,55.06666667
ID171vid5,42.14285714,46.47058824,65.61111111,27.6875,64.86666667,55.06666667
ID171vid5,42.14285714,45.88235294,65.83333333,27.9375,64.73333333,55.2
ID171vid5,42.14285714,45.05882353,65.38888889,27.9375,64.06666667,54.93333333
ID171vid5,41.71428571,45.41176471,65.27777778,27.8125,64.33333333,54.93333333
ID171vid5,41.28571429,45.52941176,64.61111111,27.5625,64.46666667,54.8
ID171vid5,40.71428571,46.23529412,65.16666667,27.0625,64.73333333,54.93333333
ID171vid5,40.71428571,46.35294118,65.38888889,27.0625,65,54.93333333
ID171vid5,40.57142857,45.58823529,65.16666667,27.3125,64.6,55.46666667
ID171vid5,41,44.47058824,64.83333333,27.3125,64.46666667,55.86666667
ID171vid5,41,44.47058824,65.16666667,27.4375,63.53333333,55.86666667
ID171vid5,41.14285714,44,64.27777778,28.0625,63.53333333,56
ID171vid5,41,43.29411765,64.94444444,28.3125,63.8,54.93333333
ID171vid5,41.42857143,45.29411765,65.55555556,28.4375,64.06666667,53.46666667
ID171vid5,41.42857143,48.11764706,65.88888889,28.6875,63.66666667,52.93333333
ID171vid5,41.57142857,45,65.55555556,28.8125,64.46666667,52.8
ID171vid5,41.71428571,45.35294118,65.44444444,28.9375,64.33333333,52.53333333
ID171vid5,41.42857143,45,65.77777778,29.3125,64.73333333,52
ID171vid5,41.28571429,44.23529412,65.66666667,29.3125,68.53333333,51.86666667
ID171vid5,41.28571429,44.23529412,65.11111111,29.0625,68.53333333,51.86666667
ID171vid5,41.28571429,43.76470588,65.11111111,29.4375,68.4,51.86666667
ID171vid5,41.28571429,43.41176471,64.77777778,29.5625,68,51.46666667
ID171vid5,41.42857143,43.35294118,65.11111111,29.3125,63.2,52.13333333
ID171vid5,41.57142857,42.52941176,65,29.3125,61.33333333,52.66666667
ID171vid5,41.42857143,41.47058824,64.77777778,29.0625,62,52.93333333
ID171vid5,41.42857143,41.35294118,64.77777778,28.9375,62.53333333,53.46666667
ID171vid5,41.42857143,40.76470588,65,29.0625,64.66666667,53.33333333
ID171vid5,41.14285714,39.52941176,65,29.0625,68.8,53.33333333
ID171vid5,40.42857143,38.11764706,65.33333333,28.8125,68.66666667,53.33333333
ID171vid5,40,38.82352941,65.66666667,28.9375,69.2,53.06666667
ID171vid5,39.71428571,38.11764706,67.72222222,30,66.86666667,52.93333333
ID171vid5,39.57142857,40.52941176,67.83333333,30.75,66.46666667,52.8
ID171vid5,40,41.23529412,66.5,32.125,66.06666667,52.8
ID171vid5,40,41.35294118,66.55555556,31.75,66.2,52.93333333
ID171vid5,39.71428571,41.58823529,67.33333333,29.875,65.53333333,52.93333333
ID171vid5,39.85714286,41.70588235,67.88888889,29.5,65.66666667,52.8
ID171vid5,39.85714286,42.29411765,68.33333333,29.5,66.2,52.66666667
ID171vid5,39.85714286,42.29411765,69,30,66.2,52.26666667
ID171vid5,39.85714286,42.17647059,69.44444444,29.125,65.93333333,52
ID171vid5,40,42.41176471,69.77777778,29.625,65.66666667,51.46666667
ID171vid5,40.57142857,42.41176471,68.77777778,29.5,65.93333333,51.73333333
ID171vid5,40.5,42.29411765,69,29.375,62.33333333,51.33333333
ID171vid5,39.78571429,42.05882353,69.66666667,29.375,68,51.2
ID171vid5,39.5,41.70588235,69.77777778,29.25,64,51.33333333
ID171vid5,39.5,42.17647059,69.66666667,28.875,61.33333333,51.06666667
ID171vid5,39.07142857,42.64705882,69.66666667,28.625,61.46666667,50
ID171vid5,38.85714286,43.64705882,69.55555556,28.75,61.86666667,51.4
ID171vid5,37.5,44,70.22222222,30.5,62,51.4
ID171vid5,38.64285714,44,70.44444444,33.875,61.46666667,51.26666667
ID171vid5,37.78571429,44,70.55555556,33.125,61.46666667,51.13333333
ID171vid5,37.92857143,44,70.33333333,27.1875,61.2,51.4
ID171vid5,38.35714286,43.88235294,70,27.3125,60.8,51.53333333
ID171vid5,37.92857143,44.11764706,69.88888889,27.5625,60.8,52.66666667
ID171vid5,37.35714286,43.88235294,70.22222222,26.9375,60.66666667,52.66666667
ID171vid5,37.64285714,44.11764706,72.72222222,26.3125,60.4,52.4
ID171vid5,37.5,44.11764706,73.05555556,26.5625,59.6,52
ID171vid5,37.85714286,44.23529412,73,27.0625,59.2,52.66666667
ID171vid5,39.78571429,44.11764706,71.66666667,27.5625,58.93333333,52.33333333
ID171vid5,40.42857143,44.23529412,72,27.3125,59.06666667,52.33333333
ID171vid5,38.92857143,44.23529412,74.27777778,27.5625,58.93333333,52.2
ID171vid5,38.07142857,44.70588235,76.33333333,27.1875,58.93333333,52.6
ID171vid5,37.64285714,44.23529412,75.83333333,26.9375,59.2,52.6
ID171vid5,37.64285714,43.64705882,76.83333333,26.5625,60.53333333,52.46666667
ID171vid5,37.35714286,42.82352941,77.27777778,26.1875,61.06666667,52.06666667
ID171vid5,37.35714286,42.70588235,77.5,26.4375,61.46666667,52.2
ID171vid5,37.35714286,42.47058824,77.72222222,26.1875,62.4,51.8
ID171vid5,37.07142857,42.35294118,78.38888889,26.0625,62.8,51.8
ID171vid5,36.92857143,42.23529412,78.5,26.1875,62.4,51.53333333
ID171vid5,37.21428571,42.47058824,78.72222222,26.3125,62.93333333,51
ID171vid5,37.5,42.23529412,79.05555556,26.9375,63.46666667,50.86666667
ID171vid5,37.92857143,42.35294118,78.5,26.8125,63.06666667,50.46666667
ID171vid5,37.21428571,41.76470588,78.27777778,27.3125,63.2,50.33333333
ID171vid5,37.21428571,42.23529412,79.88888889,26.9375,63.33333333,51
ID171vid5,37.21428571,42.11764706,80.11111111,27.0625,63.06666667,51.26666667
ID171vid5,36.5,41.17647059,79.77777778,28.25,63.2,51.53333333
ID171vid5,36.35714286,42.41176471,78.94444444,30.4375,63.33333333,52.06666667
ID171vid5,36.21428571,41.35294118,79.11111111,30.5625,62.4,51.93333333
ID171vid5,36.07142857,42.05882353,79.33333333,27.6875,62,52.2
ID171vid5,35.92857143,43,79.88888889,27.4375,62.53333333,52.6
ID171vid5,35.78571429,43.47058824,80.55555556,27.1875,62,54.06666667
ID171vid5,35.64285714,43.82352941,82.61111111,26.6875,62,54.46666667
ID171vid5,35.64285714,43.47058824,81.83333333,26.0625,62.53333333,54.6
ID171vid5,35.5,43,81.5,25.5625,62.4,54.6
ID171vid5,35.07142857,42.64705882,81.83333333,25.1875,62.13333333,55.13333333
ID171vid5,35.07142857,42.29411765,82.05555556,24.9375,62.4,55.53333333
ID171vid5,34.78571429,42.05882353,81.94444444,24.6875,63.46666667,54.86666667
ID171vid5,34.78571429,41.94117647,81.94444444,24.8125,63.46666667,54.6
ID171vid5,34.92857143,42.29411765,81.72222222,24.8125,63.33333333,54.46666667
ID171vid5,34.78571429,42.64705882,81.5,24.3125,64.13333333,53.93333333
ID171vid5,34.5,43.35294118,83.61111111,24.1875,64,53.8
ID171vid5,34.64285714,43.47058824,83.27777778,23.5625,64.13333333,53.93333333
ID171vid5,34.5,43.35294118,83.61111111,23.5625,63.86666667,53.93333333
ID171vid5,34.5,43.35294118,84.05555556,22.9375,62.73333333,54.33333333
ID171vid5,34.35714286,42.52941176,84.27777778,23.4375,63.13333333,54.46666667
ID171vid5,34.21428571,41.94117647,84.61111111,23.3125,63.8,54.33333333
ID171vid5,34.35714286,41.23529412,84.61111111,23.1875,63.66666667,54.06666667
ID171vid5,33.64285714,40.76470588,83.72222222,22.9375,64.06666667,54.06666667
ID171vid5,33.14285714,40.17647059,83.94444444,22.625,63.66666667,54.06666667
ID171vid5,32.57142857,39.82352941,83.61111111,25.875,63.66666667,54.06666667
ID171vid5,31.85714286,40.17647059,83.83333333,25.625,63.53333333,52.86666667
ID171vid5,31.28571429,40.64705882,83.22222222,23.9375,63.8,49.73333333
ID171vid5,31.42857143,40.17647059,82,24.5625,65.13333333,53.06666667
ID171vid5,31,40.29411765,81.83333333,24.6875,65.26666667,55.86666667
ID171vid5,30.42857143,40.17647059,82.05555556,25.5625,65.26666667,55.73333333
ID171vid5,30.57142857,40.41176471,81.94444444,24.8125,65,55.73333333
ID171vid5,30,40.17647059,81.88888889,24.1875,64.2,55.6
ID171vid5,30.28571429,40.05882353,81.27777778,24.6875,64.6,55.33333333
ID171vid5,30.71428571,40.29411765,81.16666667,25.3125,67.8,55.86666667
ID171vid5,30.85714286,41.23529412,81.38888889,28,67.26666667,55.86666667
ID171vid5,31,41.70588235,81.16666667,27.125,60.2,55.86666667
ID171vid5,30.71428571,41.94117647,81.38888889,27.375,60.4,56.4
ID171vid5,30.57142857,41.82352941,81.61111111,25.75,66.06666667,56.66666667
ID171vid5,30.57142857,42.29411765,84.33333333,28.3125,65.4,56.8
ID171vid5,30.57142857,42.29411765,84.33333333,25.1875,58.73333333,56.53333333
ID171vid5,30.57142857,42.64705882,84.05555556,25.1875,59,56.26666667
ID171vid5,30.57142857,43.58823529,84.38888889,25.0625,64.73333333,56.4
ID174vid2,41,37.4375,36.66666667,44.41176471,48.375,59.93333333
ID174vid2,40.88235294,37.4375,36.66666667,44.29411765,48.375,59.93333333
ID174vid2,40.70588235,39.8125,36.77777778,44.05882353,47.875,59.93333333
ID174vid2,39.88235294,39.6875,36.83333333,43.47058824,48.125,60.06666667
ID174vid2,38.70588235,40.4375,36.38888889,43.35294118,48.6875,59.93333333
ID174vid2,37.64705882,41.4375,36.72222222,43.11764706,49.0625,60.6
ID174vid2,36.47058824,43.6875,37.16666667,43.11764706,48.9375,60.2
ID174vid2,32.47058824,42.9375,38.16666667,42.88235294,49.5,59.8
ID174vid2,31.05882353,44.125,40.38888889,43.23529412,49.6875,60.86666667
ID174vid2,30.47058824,43.875,41.05555556,44.05882353,44.1875,63.13333333
ID174vid2,30.35294118,42.9375,41.5,44.17647059,43.1875,65.26666667
ID174vid2,30.47058824,45.25,41.5,43.35294118,43.3125,65.8
ID174vid2,30.35294118,46,42.27777778,43.82352941,48.4375,66.6
ID174vid2,26.70588235,45.4375,41.94444444,43.23529412,46.125,67.4
ID174vid2,28.82352941,49.5625,42.27777778,42.52941176,44.375,67.13333333
ID174vid2,26.70588235,50.0625,42.72222222,42.17647059,43.5,66.6
ID174vid2,26.47058824,49.9375,42.5,42.05882353,42.6875,67.13333333
ID174vid2,26.76470588,49.8125,42.61111111,41.94117647,43.0625,66.8
ID174vid2,27.82352941,51.1875,42.38888889,42.47058824,43.3125,65.4
ID174vid2,27.82352941,51.9375,42.05555556,42.94117647,43.8125,65.26666667
ID174vid2,28.05882353,51.3125,41.94444444,42.58823529,44.3125,65.4
ID174vid2,28.05882353,51.0625,41.16666667,41.88235294,43.9375,65.8
ID174vid2,30.17647059,50.4375,40.94444444,41.76470588,42.875,65.8
ID174vid2,33.52941176,50.3125,41.27777778,40.94117647,39.375,65.93333333
ID174vid2,33.76470588,50.9375,40.94444444,40.94117647,39.75,65.8
ID174vid2,33.76470588,51.0625,40.16666667,40.47058824,40,65.93333333
ID174vid2,33.17647059,50.3125,40.27777778,40.94117647,40.25,65.66666667
ID174vid2,33.29411765,50.6875,40.61111111,41.17647059,40.25,65.53333333
ID174vid2,32.47058824,50.3125,41.05555556,38.52941176,40.25,65.53333333
ID174vid2,31.52941176,49.5625,40.83333333,38.29411765,40.875,65.13333333
ID174vid2,31.64705882,49.0625,40.27777778,39.23529412,41,64.06666667
ID174vid2,30.23529412,48.9375,39.94444444,38.52941176,41,63.8
ID174vid2,30.82352941,48.6875,40.05555556,38.52941176,40.875,64.06666667
ID174vid2,29.58823529,47.9375,39.83333333,38.76470588,40.875,64.46666667
ID174vid2,29.70588235,47.4375,39.83333333,38.64705882,40.625,63.93333333
ID174vid2,29.58823529,47.0625,40.27777778,38.41176471,40.25,64.73333333
ID174vid2,29.35294118,46.3125,40.38888889,37.82352941,40,66.6
ID174vid2,28.05882353,46.3125,40.38888889,35.88235294,39.75,67.13333333
ID174vid2,28.05882353,46.0625,40.05555556,34.82352941,39.375,67
ID174vid2,27.11764706,45.8125,40.38888889,34.47058824,39.25,67.13333333
ID174vid2,26.64705882,45.6875,41.61111111,35.05882353,39.25,66.6
ID174vid2,26.52941176,45.8125,41.83333333,34.94117647,38.5,65.66666667
ID174vid2,26.88235294,46.1875,42.27777778,35.41176471,38.375,64.86666667
ID174vid2,26.88235294,45.4375,42.05555556,35.88235294,38,64.06666667
ID174vid2,26.76470588,45.0625,41.94444444,33.35294118,37.75,64.46666667
ID174vid2,26.17647059,44.6875,41.27777778,31.23529412,37.875,64.6
ID174vid2,25.47058824,43.9375,41.38888889,33.17647059,38,64.06666667
ID174vid2,24.52941176,42.8125,41.27777778,32.82352941,43.875,64.33333333
ID174vid2,23.82352941,42.8125,40.94444444,32.11764706,40.6875,64.2
ID174vid2,23.35294118,41.5625,40.94444444,31.52941176,36.875,64.46666667
ID174vid2,23.11764706,40.6875,40.94444444,31.64705882,37,64.2
ID174vid2,22.88235294,40.6875,41.16666667,30.94117647,41.9375,63.93333333
ID174vid2,23.35294118,42.0625,41.05555556,31.17647059,42.875,63.93333333
ID174vid2,23.82352941,41.8125,41.61111111,31.17647059,41.8125,64.06666667
ID174vid2,24.29411765,35.8125,43.83333333,31.41176471,36.5,64.06666667
ID174vid2,24.76470588,40.75,45.11111111,31.05882353,36.25,63.93333333
ID174vid2,24.76470588,35.6875,45.44444444,31.17647059,35.875,63.93333333
ID174vid2,25.41176471,35.3125,45.77777778,31.52941176,35.375,63.53333333
ID174vid2,25.88235294,35.1875,45.88888889,31.41176471,35.25,62.86666667
ID174vid2,25.29411765,35.0625,46.66666667,30.47058824,41.375,62.33333333
ID174vid2,24.70588235,36.1875,47.66666667,29.76470588,41,62.2
ID174vid2,24.23529412,35,49.88888889,30,34.75,61.66666667
ID174vid2,23.64705882,35.375,50.44444444,30.82352941,34.5,61.8
ID174vid2,23.17647059,36,52.11111111,31.05882353,34.875,61.93333333
ID174vid2,22.82352941,37,54,31.52941176,34.75,62.2
ID174vid2,28.11764706,37.625,55.55555556,31.29411765,34.875,62.2
ID174vid2,27.41176471,37.625,56.88888889,33.05882353,35.375,62.33333333
ID174vid2,26.82352941,37,58.11111111,30.35294118,35.75,62.2
ID174vid2,26.94117647,36.5,58.11111111,30.35294118,35.625,62.66666667
ID174vid2,27.29411765,36.125,59,30.82352941,36.75,62.8
ID174vid2,26.11764706,34.8125,59.83333333,30.11764706,41.625,62.93333333
ID174vid2,25.29411765,33.8125,61.16666667,29.88235294,38.25,63.06666667
ID174vid2,23.82352941,34.3125,62.38888889,28.82352941,35.375,62.93333333
ID174vid2,23.23529412,38.5,63.5,28.52941176,35.875,62.66666667
ID174vid2,23.70588235,37.625,64.16666667,29.23529412,42.625,62.8
ID174vid2,23.11764706,32.125,65.61111111,28.76470588,43,62.66666667
ID174vid2,22.29411765,32.75,66.61111111,28.41176471,44.375,62.8
ID174vid2,22.17647059,35.5,67.27777778,28.94117647,42.1875,62.93333333
ID174vid2,21.88235294,38.6875,67.83333333,30.47058824,38.75,63.2
ID174vid2,21.70588235,37.1875,67.61111111,30.94117647,39.375,63.2
ID174vid2,21.76470588,36.6875,67.05555556,30.23529412,39.375,63.2
ID174vid2,22.11764706,34.9375,66.94444444,30.47058824,40.9375,63.2
ID174vid2,22.23529412,35.0625,66.83333333,33.17647059,45.75,63.2
ID174vid2,22.58823529,35.4375,66.83333333,33.41176471,44.3125,63.46666667
ID174vid2,22.23529412,35.6875,66.5,32.82352941,44.375,63.73333333
ID174vid2,19.05882353,36.1875,66.16666667,30.70588235,44.625,63.6
ID174vid2,19.88235294,36.6875,66.83333333,31.76470588,43.1875,62.93333333
ID174vid2,19.64705882,36.5625,66.38888889,32.23529412,43.625,62.4
ID174vid2,19.17647059,36.4375,66.5,32.23529412,44.625,62
ID174vid2,19.70588235,36.8125,67.05555556,32.58823529,44.125,61.73333333
ID174vid2,19.23529412,37.1875,67.72222222,34.64705882,42.625,62
ID174vid2,18.23529412,37.3125,68.72222222,34.52941176,42.375,62.53333333
ID179vid3,49.1875,56,53.88235294,65.375,36.52941176,43.35714286
ID179vid3,49.1875,57.125,53.94117647,65.5,36.52941176,43.5
ID179vid3,48.625,56.125,53.82352941,65.75,37.41176471,44.07142857
ID179vid3,50.4375,56.375,53.29411765,64.875,37.52941176,45.07142857
ID179vid3,49.6875,52.625,52.82352941,63.75,38.23529412,46.92857143
ID179vid3,49.3125,49.8125,52.35294118,63.125,38.82352941,47.35714286
ID179vid3,49.1875,49.3125,53.29411765,62.25,39.64705882,47
ID179vid3,48.9375,49.1875,54,58.3125,40,47.57142857
ID179vid3,48.6875,46.9375,55.35294118,56.6875,40.35294118,48.14285714
ID179vid3,48.5625,50.875,55.94117647,55.6875,41.41176471,48.14285714
ID179vid3,48.3125,50,56.29411765,55.0625,38.17647059,48.57142857
ID179vid3,48.3125,46.6875,56.17647059,54.1875,38.52941176,48.85714286
ID179vid3,45.125,46.4375,56.52941176,53.6875,41.29411765,49.28571429
ID179vid3,45.125,43.125,56.41176471,53.1875,40.52941176,49
ID179vid3,45.5625,46.75,56.17647059,54.8125,40.76470588,48.85714286
ID179vid3,46.0625,49.375,56.52941176,54.0625,41.05882353,48.85714286
ID179vid3,46.6875,45.625,56.29411765,53.3125,39.11764706,48.71428571
ID179vid3,46.8125,47.3125,55.82352941,53.8125,42.52941176,48.85714286
ID179vid3,47.4375,46.3125,55.58823529,54.3125,44.52941176,48.71428571
ID179vid3,49.25,45.6875,56.05882353,53.6875,38.88235294,48
ID179vid3,49.375,46.0625,55.82352941,53.5,38.88235294,47.57142857
ID179vid3,47.3125,45.1875,55.58823529,50.1875,44.47058824,47.57142857
ID179vid3,47.4375,42.5,56.05882353,50.8125,43.58823529,47.85714286
ID179vid3,47.5625,48.125,55.82352941,52.75,40.58823529,48.14285714
ID179vid3,47.6875,46.875,57.23529412,52.75,42.29411765,48.42857143
ID179vid3,47.3125,45.25,58.52941176,53.5,42.64705882,49.64285714
ID179vid3,45.875,44.5,58.76470588,53.375,43.11764706,49.78571429
ID179vid3,45.5,43.625,57.58823529,57.375,42.88235294,49.92857143
ID179vid3,44.625,43.25,57.35294118,56.75,42.52941176,49.07142857
ID179vid3,44.875,42.125,57.23529412,56.125,42.17647059,49.28571429
ID179vid3,45,41.5,57.11764706,55.875,42.17647059,49.28571429
ID179vid3,43.5,41.125,57,50.8125,42.41176471,49.42857143
ID179vid3,42.6875,40.125,56.76470588,50.5625,43.11764706,49.42857143
ID179vid3,42.8125,39,57.23529412,49.9375,43.82352941,49.14285714
ID179vid3,43.0625,39.125,57.35294118,49.9375,44.05882353,49
ID179vid3,43.4375,38.5,57.94117647,50.0625,44.29411765,49
ID179vid3,43.5625,38.875,58.29411765,49.4375,44.05882353,49.71428571
ID179vid3,43.5625,37.875,58.64705882,44.625,43.70588235,53.35714286
ID179vid3,43.9375,36.125,58.88235294,45.0625,43.35294118,54.07142857
ID179vid3,38,34.25,59.23529412,44.4375,43.70588235,53.21428571
ID179vid3,38.25,34,60.41176471,46,43.47058824,53.78571429
ID179vid3,38.875,34,62.41176471,46.625,41.41176471,53.5
ID179vid3,40.5625,34.75,63,46,41.76470588,53.78571429
ID179vid3,40.8125,35.75,63.58823529,46.25,45.47058824,53.78571429
ID179vid3,41.1875,34.75,63.58823529,52.75,46.41176471,53.78571429
ID179vid3,41.4375,34.5,63.70588235,50.6875,46.11764706,53.35714286
ID179vid3,43.75,33.75,63.58823529,49.375,41.29411765,53.21428571
ID179vid3,39.5625,31.8125,63.23529412,49.125,46.52941176,53.21428571
ID179vid3,38.9375,32.875,64.17647059,46.6875,44.35294118,52.78571429
ID179vid3,45.125,33.3125,64.64705882,43.875,44.70588235,52.78571429
ID179vid3,44.5625,34.0625,63.70588235,41.6875,46.05882353,52.92857143
ID179vid3,41.6875,36,63.94117647,42.0625,40.29411765,53.07142857
ID179vid3,42.9375,34.75,64.05882353,42.4375,41.05882353,52.92857143
ID179vid3,43.4375,35.5,64.29411765,41.9375,40.11764706,52.92857143
ID179vid3,43.3125,36.25,65,42.0625,39.88235294,53.21428571
ID179vid3,43.5625,36.75,65.47058824,41.9375,39.35294118,53.35714286
ID179vid3,43.9375,36.25,65.58823529,42.4375,39.23529412,53.07142857
ID179vid3,43.4375,37.875,66.29411765,44.25,39.76470588,53.07142857
ID179vid3,43.9375,33.0625,66.41176471,48.75,43.17647059,53.35714286
ID179vid3,46.5,37.4375,66.29411765,49.625,38.64705882,52.92857143
ID179vid3,48.375,38.1875,66.88235294,47.6875,40.70588235,52.5
ID179vid3,48.25,36.125,66.94117647,48.0625,40.70588235,52.64285714
ID179vid3,48,36.5,67.29411765,48.6875,44.17647059,52.5
ID179vid3,49.25,39.0625,67.05882353,48.5625,43.94117647,52.35714286
ID179vid3,50.125,38.9375,67.05882353,47.9375,43.70588235,52.21428571
ID179vid3,50.875,38.6875,67.29411765,48.0625,43.58823529,52.35714286
ID179vid3,50.5,39.0625,67.64705882,47.3125,43.82352941,52.35714286
ID179vid3,49.375,37.125,67.64705882,47.1875,40.17647059,52.07142857
ID179vid3,48.75,38.8125,67.76470588,46.4375,40.94117647,51.92857143
ID179vid3,48.3125,38.6875,67.52941176,45.5625,40.94117647,52.07142857
ID179vid3,48.25,38.5625,67.64705882,45.1875,40.94117647,51.35714286
ID179vid3,47.1875,38.625,67.52941176,44.4375,41.41176471,51.35714286
ID179vid3,48.0625,38.75,66.52941176,43.4375,41.76470588,51.64285714
ID179vid3,48.3125,38.875,66.41176471,42.0625,42.11764706,51.64285714
ID179vid3,48.8125,38.5625,66.41176471,41.1875,42,51.64285714
ID179vid3,48.9375,37.8125,66.17647059,41.25,42,51.78571429
ID179vid3,49.0625,37.0625,66.29411765,41.625,41.76470588,51.78571429
ID179vid3,49.3125,39.75,66.05882353,42.5,42.11764706,51.92857143
ID179vid3,49.1875,42.8125,65.47058824,43.5,41.52941176,51.92857143
ID179vid3,49.5625,36.6875,65.23529412,43.5,41.76470588,52.07142857
ID179vid3,51,36.1875,65.11764706,44.5,41.76470588,52.21428571
ID179vid3,49.3125,36.4375,65.23529412,45,41.76470588,52.35714286
ID179vid3,49.4375,36.9375,65.35294118,45.375,42,52.64285714
ID179vid3,49.3125,38.8125,65.47058824,45.25,42.70588235,52.64285714
ID179vid3,49.5625,38.9375,64.52941176,44.25,42.47058824,52.64285714
ID179vid3,49.9375,38.0625,64.52941176,43.75,42.58823529,52.5
ID179vid3,49.0625,37.6875,65,45,42.58823529,52.64285714
ID179vid3,48.25,38.0625,65.23529412,44.125,42.23529412,52.78571429
ID179vid3,47.75,33.8125,66.17647059,44.25,42.23529412,52.92857143
ID179vid3,46.875,35.625,67.05882353,44.125,42.23529412,53.5
ID179vid3,45.5625,35.125,67.29411765,44.5,43.05882353,53.78571429
ID179vid3,45.1875,35.3125,67.88235294,44.125,42.94117647,54.35714286
ID179vid3,44.0625,34.625,67.88235294,42.5,40,54.21428571
ID179vid3,43.375,35.375,68.11764706,41.375,44.23529412,54.07142857
ID179vid3,43.375,34.5,68.23529412,40.5,46.05882353,54.35714286
ID179vid3,42.875,35.125,68.47058824,39.75,42.88235294,54.92857143
ID179vid3,43.125,35.625,68.23529412,39.625,43.88235294,54.78571429
ID179vid3,43.25,37.3125,68.47058824,39.625,44.35294118,54.92857143
ID179vid3,42.75,32.8125,68.35294118,39.75,44.70588235,54.92857143
ID179vid3,42.375,32.9375,68,40.5,44.11764706,55.07142857
ID179vid3,41.875,39.0625,68.47058824,41.375,44,54.78571429
ID179vid3,42.375,32.9375,69.17647059,42.375,43.64705882,54.78571429
ID179vid3,42.75,33.0625,70.05882353,43.875,43.88235294,54.5
ID179vid3,43.5,34.5,70.05882353,44.5,43.88235294,54.35714286
ID179vid3,44,35,70.41176471,44.625,43.76470588,54.07142857
ID179vid3,44.625,39.5625,70.17647059,43,43.17647059,54.35714286
ID179vid3,44.75,33.875,70.41176471,42.25,43.05882353,54.21428571
ID179vid3,40.6875,34.625,70.64705882,41.875,43.52941176,53.92857143
ID179vid3,43.25,38.9375,70.41176471,41,47,54.07142857
ID179vid3,42.875,38.0625,70.29411765,41.5,47,54.21428571
ID179vid3,42.625,38.6875,70.64705882,41.25,47.47058824,54.07142857
ID179vid3,43,36.625,70.88235294,42.125,47.70588235,54.07142857
ID179vid3,44.8125,36.75,70.41176471,41.75,48.05882353,53.35714286
ID179vid3,43.125,36.25,69.47058824,41.25,47.82352941,53.35714286
ID179vid3,44.6875,35,69.70588235,40.375,47.23529412,53.07142857
ID179vid3,42.1875,36.9375,69.70588235,39.875,47.23529412,52.78571429
ID179vid3,43,37.3125,69.82352941,40.125,47,52.92857143
ID179vid3,42.625,36.625,69.82352941,40.625,47.35294118,53.07142857
ID179vid3,42.5,34.0625,69.82352941,41,47.47058824,53.07142857
ID179vid3,42.375,34.0625,70.41176471,41,47.35294118,53.07142857
ID179vid3,42,33.6875,70.52941176,40.25,47.47058824,53.64285714
ID179vid3,42.375,36.125,70.52941176,39.375,47.23529412,53.92857143
ID179vid3,42.375,35.75,74.35294118,35.625,46.88235294,53.78571429
ID179vid3,42.125,36,71,35.25,47,53.57142857
ID179vid3,42.25,35.875,71.23529412,35.125,47.11764706,53.71428571
ID179vid3,42.625,36.75,71,36.25,47.29411765,53.57142857
ID179vid3,42.625,37.625,70.64705882,37.25,47.52941176,53.71428571
ID179vid3,42.75,38.6875,70.29411765,38.5,47.52941176,53.85714286
ID179vid3,42.625,37.0625,70.41176471,38.125,47.64705882,54
ID179vid3,42,36.5625,70.41176471,37.125,47.41176471,54.42857143
ID179vid3,42.125,36.0625,70.29411765,37,47.41176471,54.57142857
ID179vid3,41.375,34.125,69.94117647,36.625,47.17647059,55.14285714
ID179vid3,40.5,34.6875,69.70588235,36.125,47.52941176,55.14285714
ID179vid3,40.375,35.6875,69.47058824,35.75,47.29411765,55.57142857
ID179vid3,39.75,36.125,69.35294118,35.75,47.64705882,55.85714286
ID179vid3,39.625,38.875,69.11764706,39.875,46.29411765,56.71428571
ID179vid3,40.375,35.875,68.88235294,38.75,46.41176471,57.28571429
ID179vid3,41.375,34.5625,69,39.125,50.23529412,57.28571429
ID179vid3,42.125,38.5,69.23529412,39.875,47.29411765,57.28571429
ID179vid3,41.875,36.0625,68.88235294,40.75,49,57
ID179vid3,41.125,35.8125,69.35294118,41.125,49.35294118,56.85714286
ID179vid3,40.625,34.9375,69.47058824,40,49.52941176,54.21428571
ID179vid3,40.75,34.8125,69.11764706,36.75,50.17647059,54.92857143
ID179vid3,41.125,34.9375,69.11764706,36.375,53.88235294,54.78571429
ID179vid3,41.5,35,69.35294118,35.125,53.76470588,54.35714286
ID179vid3,41.5,33.9375,69,34.75,53.47058824,54.64285714
ID179vid3,39.875,34.1875,69.35294118,34.125,47.88235294,54.78571429
ID179vid3,39.75,33.375,69.35294118,34,48,54.78571429
ID179vid3,40.375,30.6875,69.23529412,34.375,48.23529412,54.64285714
ID179vid3,40.125,33.75,69.82352941,34.5,48.47058824,54.35714286
ID179vid3,39.375,31.75,69.58823529,34.5,48.82352941,54.35714286
ID179vid3,39.25,35.5,69.94117647,37.625,49.29411765,54.21428571
ID179vid3,38.375,34.375,70.88235294,37.5625,48.58823529,54.35714286
ID179vid3,38.125,29.125,68.82352941,30.875,48.47058824,54.35714286
ID179vid3,38.375,30.6875,69.52941176,30.125,48.41176471,54.21428571
ID179vid3,39.25,31.4375,68.70588235,29.25,47.17647059,54.21428571
ID179vid3,39.625,32.625,68.82352941,29,52.05882353,54.21428571
ID179vid3,39.375,33.125,69.64705882,29.25,52.88235294,54.21428571
ID179vid3,39.125,32,69.29411765,28.375,51.29411765,54.92857143
ID179vid3,38.625,31,69.76470588,28.125,51.17647059,54.92857143
ID179vid3,38.25,30.25,68.94117647,29.25,51.23529412,55.07142857
ID179vid3,37.6875,30.875,68.94117647,30.5,49.47058824,55.07142857
ID179vid3,37.5625,31.625,69.05882353,31,52.35294118,55.07142857
ID181vid6,54.8125,35.41176471,72.88235294,41.4375,59.05555556,57.46666667
ID181vid6,54.8125,35.52941176,73.23529412,41.3125,58.94444444,57.46666667
ID181vid6,51.6875,35.76470588,73,41.4375,59.38888889,57.73333333
ID181vid6,50.8125,36.47058824,72.05882353,40.5625,58.94444444,57.73333333
ID181vid6,50.1875,37.05882353,70.70588235,39.9375,59.16666667,58.13333333
ID181vid6,49.9375,37,67.52941176,39.8125,59.05555556,59
ID181vid6,49.3125,36.41176471,66.58823529,39.5625,59.05555556,59.13333333
ID181vid6,47.4375,36.52941176,66.11764706,39.3125,59.61111111,59.26666667
ID181vid6,46.1875,37.47058824,66.11764706,38.6875,60.05555556,60.06666667
ID181vid6,44.9375,37.58823529,66.58823529,38,59.72222222,60.93333333
ID181vid6,45.625,37.94117647,66.70588235,37.625,59.16666667,62
ID181vid6,45.5,37.82352941,65.64705882,37.125,59.16666667,61.73333333
ID181vid6,45.125,35.88235294,64.47058824,36.875,58.11111111,61.33333333
ID181vid6,43.625,36.35294118,64.52941176,36,56.88888889,61.2
ID181vid6,43.875,36,65,35.125,56.55555556,61.2
ID181vid6,44,36,65.64705882,34.5625,54.55555556,61.33333333
ID181vid6,43.5,36.64705882,67.70588235,34.6875,53.83333333,61.46666667
ID181vid6,43.125,36.52941176,68.35294118,34.6875,58.11111111,61.33333333
ID181vid6,42.75,36.52941176,67.41176471,34.9375,55.83333333,61.46666667
ID181vid6,42.75,36.29411765,66.94117647,34.8125,53.22222222,61.2
ID181vid6,42.5,36.41176471,65.88235294,34.3125,53.44444444,61.73333333
ID181vid6,42.875,38.47058824,64.82352941,33.6875,53.55555556,61.46666667
ID181vid6,42.25,38.11764706,64.58823529,34.0625,53.05555556,61.2
ID181vid6,42.5,38.11764706,63.41176471,34.125,53.16666667,62.13333333
ID181vid6,42.875,37.64705882,62.94117647,33.625,55.55555556,62
ID181vid6,43.25,37.41176471,61.58823529,33,56.11111111,61.73333333
ID181vid6,43.125,37.88235294,60.64705882,33.375,55.94444444,61.6
ID181vid6,46.8125,38,59.11764706,33.25,57.77777778,61.06666667
ID181vid6,47.5625,36.82352941,58.76470588,32.0625,57.77777778,60.66666667
ID181vid6,47.4375,36.23529412,58.76470588,32.3125,56.16666667,62.33333333
ID181vid6,45.5,36.23529412,58.52941176,32.6875,56.38888889,62.06666667
ID181vid6,44.5,36.35294118,59.52941176,32.5625,57.16666667,61.8
ID181vid6,44.5,36.23529412,59.88235294,32.4375,57.38888889,62.06666667
ID181vid6,44.375,35.52941176,59.88235294,31.5625,57.38888889,61.4
ID181vid6,44,35.52941176,59.64705882,31.1875,57.83333333,61.13333333
ID181vid6,44.125,34.94117647,58.23529412,31.5,57.72222222,60.86666667
ID181vid6,44,34.82352941,57.23529412,31.125,56.66666667,59.53333333
ID181vid6,43.875,34.58823529,56.88235294,31.5,56.11111111,59.13333333
ID181vid6,43.625,34.11764706,56.41176471,30.8125,55.88888889,59.66666667
ID181vid6,43.125,33.76470588,56.17647059,32.25,55.66666667,60.2
ID181vid6,43.125,33.76470588,56.05882353,32,55.88888889,60.33333333
ID181vid6,43.25,33.76470588,56.29411765,31.875,56.11111111,60.2
ID181vid6,42.75,33.17647059,56.94117647,31.25,56.22222222,59.53333333
ID181vid6,42.5,32.58823529,57.17647059,31.375,57.38888889,59.53333333
ID181vid6,42.375,31.17647059,57.52941176,31.625,58.05555556,59.93333333
ID181vid6,41.5,30,57.76470588,34.5,58.72222222,60.46666667
ID181vid6,41.75,29.05882353,58,29.8125,59.16666667,60.46666667
ID181vid6,41.75,29.76470588,58.23529412,29.4375,59.5,60.06666667
ID181vid6,41.75,30.82352941,58.11764706,29.4375,60.61111111,59.93333333
ID181vid6,42,31.52941176,57.52941176,29.3125,61.72222222,59.53333333
ID181vid6,41.75,29.70588235,57.17647059,31.0625,61.94444444,59.53333333
ID181vid6,41.625,31,56.70588235,32.5625,61.22222222,59.8
ID181vid6,41.75,32.05882353,55.88235294,32.6875,61.55555556,60.46666667
ID181vid6,41.875,33,55.05882353,35.6875,63.72222222,60.73333333
ID181vid6,38.5625,33.11764706,54.58823529,34.9375,58.72222222,60.86666667
ID181vid6,37.8125,33.41176471,54.58823529,27.375,60.22222222,60.33333333
ID181vid6,37.5625,32.70588235,54.94117647,26.375,64.22222222,60.6
ID181vid6,38.4375,30.41176471,54.58823529,27.5,63.5,60.8
ID181vid6,39.0625,26.76470588,54,29.125,63.38888889,60.8
ID181vid6,39.4375,27.76470588,53.64705882,29.625,63.83333333,60.4
ID181vid6,38.8125,32.88235294,53.41176471,28.125,63.94444444,60.53333333
ID181vid6,37.9375,32,53.05882353,28.375,63.83333333,60.53333333
ID181vid6,37.3125,26.76470588,52.11764706,28.75,64.05555556,61.06666667
ID181vid6,36.6875,32.52941176,52.58823529,29.125,64.27777778,62
ID181vid6,35.375,33.05882353,52.47058824,29.375,63.83333333,61.8
ID181vid6,35.625,28.29411765,52.47058824,29.625,64.05555556,61.8
ID181vid6,35.5,28.76470588,52,30.5,64.5,61.53333333
ID181vid6,32.5625,28.64705882,51.64705882,30.625,64.83333333,61.13333333
ID181vid6,33.625,28.29411765,51.52941176,28.125,64.72222222,61.4
ID181vid6,31.9375,27.94117647,51.23529412,27.625,65.5,61.53333333
ID181vid6,31.4375,26.41176471,51,27.875,65.27777778,61.26666667
ID181vid6,30.375,26.76470588,50.41176471,28.375,65.61111111,61.4
ID181vid6,31.8125,27.58823529,50.17647059,28.75,65.94444444,60.46666667
ID181vid6,32.3125,28.05882353,49.47058824,27.625,66.61111111,59.93333333
ID181vid6,32.4375,28.76470588,48.88235294,27.125,66.38888889,59.66666667
ID181vid6,30.875,28.52941176,48.29411765,27.375,66.72222222,59.93333333
ID181vid6,31.1875,28.52941176,48.52941176,27.875,66.94444444,59.26666667
ID181vid6,30.8125,28.88235294,48.88235294,27.875,67.27777778,58.86666667
ID181vid6,30.8125,28.29411765,48.88235294,27,67.27777778,58.86666667
ID181vid6,30.8125,28.05882353,49.35294118,26.125,67.83333333,59.4
ID181vid6,30.6875,27.82352941,49.23529412,26.875,68.16666667,59.8
ID181vid6,30.3125,27.47058824,49.35294118,27.125,68.16666667,61
ID181vid6,29.8125,27.58823529,48.88235294,26.875,68.72222222,61.13333333
ID181vid6,28.4375,27.23529412,48.52941176,27.125,69.05555556,61.13333333
ID181vid6,27.8125,29.76470588,49.11764706,27,68.83333333,61.13333333
ID181vid6,32.3125,29.29411765,49.23529412,27.25,69.16666667,61
ID181vid6,33.8125,28.11764706,49.11764706,27.125,69.27777778,61.53333333
ID181vid6,32.1875,27.05882353,49.11764706,27.125,69.27777778,61.66666667
ID181vid6,32.1875,26.11764706,48.88235294,28.125,69.61111111,61.53333333
ID181vid6,32.9375,26,48.88235294,27.75,69.72222222,61
ID181vid6,33.9375,25.88235294,49.47058824,28.5,70.5,61.13333333
ID181vid6,30.4375,26.11764706,50.17647059,28.875,71.05555556,61.66666667
ID181vid6,30.6875,26.47058824,52.35294118,29.625,71.05555556,57.73333333
ID181vid6,29.6875,27.17647059,51.88235294,29.875,70.83333333,57.73333333
ID181vid6,28.5,27.29411765,51.41176471,30.25,71.38888889,57.2
ID181vid6,28.625,27.52941176,49.52941176,29.5,71.94444444,55.86666667
ID181vid6,28.5,26.11764706,48.35294118,29.5,72.5,55.73333333
ID181vid6,28.5,24.47058824,47.88235294,28.875,72.72222222,55.46666667
ID181vid6,28.5,23.52941176,47.76470588,29.25,74.83333333,60.2
ID181vid6,28.375,23.41176471,47.64705882,25.25,75.27777778,61
ID181vid6,28.625,23.05882353,48.94117647,24.625,75.5,61
ID181vid6,28.875,23.05882353,49.41176471,24.75,75.38888889,61.53333333
ID181vid6,28.875,23.52941176,50.47058824,25.125,75.61111111,61.93333333
ID181vid6,29.375,23.17647059,51.41176471,26,75.94444444,62.46666667
ID181vid6,28.625,22.23529412,52.47058824,26.875,76.27777778,62.2
ID181vid6,28.625,21.41176471,53.41176471,26.875,76.5,62.73333333
ID181vid6,28.875,20.94117647,53.88235294,27,76.16666667,63.66666667
ID181vid6,28.375,20.94117647,54,27.25,76.27777778,63.93333333
ID181vid6,28.875,23.64705882,54.23529412,27.25,76.5,63.66666667
ID181vid6,33.25,23.29411765,53.64705882,26.75,75.83333333,63.4
ID181vid6,33.25,22.58823529,53.17647059,25.5,75.83333333,63.66666667
ID181vid6,32.875,22,52.94117647,25.125,75.27777778,64.6
ID181vid6,33.125,22,52.58823529,25.75,75.61111111,66.73333333
ID181vid6,33.875,21.41176471,52.23529412,27.25,75.5,67.4
ID181vid6,34.25,20.70588235,52.35294118,27.625,75.72222222,67.66666667
ID181vid6,34.375,19.52941176,52,27.625,79.5,67.8
ID181vid6,34.875,19.29411765,52.23529412,26.875,79.16666667,67.53333333
ID181vid6,34.75,18.94117647,52.82352941,23.9375,79.05555556,67.8
ID181vid6,31.4375,18.82352941,53.52941176,23.5625,78.38888889,68.06666667
ID181vid6,33.25,19.52941176,54.11764706,23.3125,78.27777778,67.93333333
ID181vid6,32.9375,19.05882353,54.35294118,23.0625,79.16666667,67.93333333
ID181vid6,33.8125,19.41176471,53.88235294,22.4375,78.94444444,68.06666667
ID181vid6,33.6875,19.52941176,53.64705882,21.3125,78.72222222,68.33333333
ID181vid6,34.6875,20.94117647,53.41176471,21.6875,78.83333333,68.73333333
ID181vid6,31.375,21.29411765,54.11764706,21.8125,78.38888889,69
ID181vid6,30.6875,19.41176471,54.35294118,21.6875,78.83333333,69.13333333
